date,crop,price
2024-04-26,배추,18580
2024-04-25,배추,18640
2024-04-24,배추,19300
2024-04-23,배추,19180
2024-04-22,배추,19860
2024-04-19,배추,19720
2024-04-18,배추,20180
2024-04-17,배추,20080
2024-04-16,배추,19640
2024-04-15,배추,19420
2024-04-12,배추,18420
2024-04-11,배추,18240
2024-04-09,배추,16780
2024-04-08,배추,16220
2024-04-05,배추,15600
2024-04-04,배추,15360
2024-04-03,배추,15120
2024-04-02,배추,15100
2024-04-01,배추,15480
2024-03-29,배추,15180
2024-03-28,배추,14420
2024-03-27,배추,14320
2024-03-26,배추,14100
2024-03-25,배추,14240
2024-03-22,배추,14140
2024-03-21,배추,13880
2024-03-20,배추,14180
2024-03-19,배추,14000
2024-03-18,배추,13940
2024-03-15,배추,13420
2024-03-14,배추,12720
2024-03-13,배추,12960
2024-03-12,배추,13600
2024-03-11,배추,12840
2024-03-08,배추,12180
2024-03-07,배추,11940
2024-03-06,배추,11940
2024-03-05,배추,11580
2024-03-04,배추,11140
2024-02-29,배추,10286
2024-02-28,배추,10270
2024-02-27,배추,10390
2024-02-26,배추,10362
2024-02-23,배추,10840
2024-02-22,배추,10332
2024-02-21,배추,10118
2024-02-20,배추,9986
2024-02-19,배추,9920
2024-02-16,배추,9436
2024-02-15,배추,9556
2024-02-14,배추,9082
2024-02-13,배추,8814
2024-02-08,배추,8580
2024-02-07,배추,8730
2024-02-06,배추,8796
2024-02-05,배추,8486
2024-02-02,배추,8724
2024-02-01,배추,8540
2024-01-31,배추,8136
2024-01-30,배추,8344
2024-01-29,배추,8144
2024-01-26,배추,8340
2024-01-23,배추,8436
2024-01-22,배추,8520
2024-01-19,배추,8134
2024-01-18,배추,7786
2024-01-17,배추,7692
2024-01-16,배추,7850
2024-01-15,배추,7910
2024-01-12,배추,7332
2024-01-09,배추,7350
2024-01-08,배추,7436
2024-01-05,배추,7490
2024-01-04,배추,7970
2024-01-03,배추,8120
2024-01-02,배추,8220
2023-12-29,배추,8270
2023-12-28,배추,8154
2023-12-27,배추,8400
2023-12-26,배추,8486
2023-12-22,배추,8792
2023-12-21,배추,8848
2023-12-20,배추,8756
2023-12-19,배추,8140
2023-12-18,배추,8054
2023-12-15,배추,7886
2023-12-14,배추,8020
2023-12-13,배추,8324
2023-12-12,배추,8119
2023-12-11,배추,7282
2023-12-08,배추,7440
2023-12-07,배추,7404
2023-12-06,배추,7524
2023-12-05,배추,7304
2023-12-04,배추,7050
2023-11-30,배추,7302
2023-11-29,배추,7150
2023-11-28,배추,7296
2023-11-24,배추,7608
2023-11-23,배추,7726
2023-11-22,배추,7860
2023-11-21,배추,8236
2023-11-20,배추,9056
2023-11-17,배추,9348
2023-11-16,배추,8220
2023-11-15,배추,8052
2023-11-14,배추,8070
2023-11-13,배추,7904
2023-11-10,배추,8370
2023-11-09,배추,8362
2023-11-08,배추,8810
2023-11-07,배추,9402
2023-11-06,배추,9532
2023-11-03,배추,9568
2023-11-02,배추,9426
2023-11-01,배추,9472
2023-10-31,배추,10080
2023-10-30,배추,10706
2023-10-27,배추,11557
2023-10-26,배추,11933
2023-10-25,배추,12450
2023-10-24,배추,13111
2023-10-23,배추,13420
2023-10-20,배추,14740
2023-10-19,배추,13820
2023-10-18,배추,13780
2023-10-17,배추,15000
2023-10-16,배추,15500
2023-10-13,배추,16620
2023-10-12,배추,16660
2023-10-11,배추,16820
2023-10-10,배추,17200
2023-10-06,배추,17420
2023-10-05,배추,17060
2023-10-04,배추,17140
2023-09-27,배추,21940
2023-09-26,배추,21000
2023-09-25,배추,20560
2023-09-22,배추,19260
2023-09-21,배추,19200
2023-09-20,배추,18420
2023-09-19,배추,18100
2023-09-18,배추,18940
2023-09-15,배추,17720
2023-09-14,배추,15300
2023-09-13,배추,14760
2023-09-12,배추,14680
2023-09-11,배추,14880
2023-09-08,배추,14220
2023-09-07,배추,14240
2023-09-06,배추,14200
2023-09-05,배추,14180
2023-09-04,배추,14520
2023-09-01,배추,14440
2023-08-31,배추,14560
2023-08-30,배추,14700
2023-08-29,배추,14980
2023-08-28,배추,15360
2023-08-25,배추,16220
2023-08-24,배추,16340
2023-08-23,배추,16700
2023-08-22,배추,16980
2023-08-21,배추,17060
2023-08-18,배추,16360
2023-08-17,배추,16060
2023-08-16,배추,17320
2023-08-14,배추,19820
2023-08-11,배추,25760
2023-08-10,배추,25200
2023-08-09,배추,23080
2023-08-08,배추,21880
2023-08-07,배추,22080
2023-08-04,배추,20240
2023-08-03,배추,17920
2023-08-02,배추,16520
2023-08-01,배추,15340
2023-07-31,배추,12240
2023-07-28,배추,11572
2023-07-27,배추,10032
2023-07-26,배추,10046
2023-07-25,배추,10620
2023-07-24,배추,11980
2023-07-21,배추,10500
2023-07-20,배추,9640
2023-07-19,배추,10226
2023-07-18,배추,9230
2023-07-17,배추,10030
2023-07-14,배추,10440
2023-07-13,배추,10120
2023-07-12,배추,9266
2023-07-11,배추,8919
2023-07-10,배추,9532
2023-07-07,배추,8808
2023-07-06,배추,8798
2023-07-05,배추,8972
2023-07-04,배추,9012
2023-07-03,배추,9476
2023-06-30,배추,10072
2023-06-29,배추,10530
2023-06-28,배추,11570
2023-06-27,배추,11570
2023-06-26,배추,9838
2023-06-23,배추,9378
2023-06-22,배추,9406
2023-06-21,배추,9446
2023-06-20,배추,8956
2023-06-19,배추,8812
2023-06-16,배추,8952
2023-06-15,배추,8702
2023-06-14,배추,7662
2023-06-13,배추,8102
2023-06-12,배추,8122
2023-06-09,배추,8292
2023-06-08,배추,8366
2023-06-07,배추,8246
2023-06-05,배추,7976
2023-06-02,배추,8216
2023-06-01,배추,8426
2023-05-31,배추,8726
2023-05-30,배추,9046
2023-05-26,배추,7428
2023-05-25,배추,7544
2023-05-24,배추,8350
2023-05-23,배추,8676
2023-05-22,배추,8670
2023-05-19,배추,9320
2023-05-18,배추,9530
2023-05-17,배추,9406
2023-05-16,배추,11344
2023-05-15,배추,11037
2023-05-12,배추,9843
2023-05-11,배추,9586
2023-05-10,배추,10633
2023-05-09,배추,10620
2023-05-08,배추,10783
2023-05-04,배추,11051
2023-05-03,배추,10943
2023-05-02,배추,11252
2023-04-28,배추,11352
2023-04-27,배추,11272
2023-04-26,배추,10852
2023-04-25,배추,10932
2023-04-24,배추,10412
2023-04-21,배추,10612
2023-04-20,배추,10452
2023-04-19,배추,10746
2023-04-18,배추,10826
2023-04-17,배추,10206
2023-04-14,배추,10926
2023-04-13,배추,10466
2023-04-12,배추,10506
2023-04-11,배추,9826
2023-04-10,배추,10246
2023-04-07,배추,10880
2023-04-06,배추,10800
2023-04-05,배추,10206
2023-04-04,배추,9960
2023-04-03,배추,9626
2023-03-31,배추,8580
2023-03-30,배추,8440
2023-03-29,배추,8440
2023-03-28,배추,8784
2023-03-27,배추,8364
2023-03-24,배추,8844
2023-03-23,배추,9096
2023-03-22,배추,9098
2023-03-21,배추,8878
2023-03-20,배추,8898
2023-03-17,배추,9118
2023-03-16,배추,8878
2023-03-15,배추,8566
2023-03-14,배추,8626
2023-03-13,배추,9258
2023-03-10,배추,9008
2023-03-09,배추,9298
2023-03-08,배추,9218
2023-03-07,배추,9018
2023-03-06,배추,8746
2023-03-03,배추,8024
2023-03-02,배추,7704
2023-02-28,배추,7544
2023-02-27,배추,7700
2023-02-24,배추,6904
2023-02-23,배추,6970
2023-02-22,배추,6438
2023-02-21,배추,6928
2023-02-20,배추,7034
2023-02-17,배추,7260
2023-02-16,배추,7420
2023-02-15,배추,7396
2023-02-14,배추,7054
2023-02-13,배추,6932
2023-02-10,배추,6522
2023-02-09,배추,6602
2023-02-08,배추,6488
2023-02-07,배추,6488
2023-02-06,배추,6448
2023-02-03,배추,7136
2023-02-02,배추,7432
2023-02-01,배추,8054
2023-01-31,배추,8274
2023-01-30,배추,8164
2023-01-27,배추,6802
2023-01-26,배추,6658
2023-01-25,배추,6000
2023-01-20,배추,5780
2023-01-19,배추,5780
2023-01-18,배추,6174
2023-01-17,배추,6004
2023-01-16,배추,6064
2023-01-13,배추,5864
2023-01-12,배추,6064
2023-01-11,배추,5938
2023-01-10,배추,5878
2023-01-09,배추,6190
2023-01-06,배추,6246
2023-01-05,배추,6366
2023-01-04,배추,6546
2023-01-03,배추,6606
2023-01-02,배추,6672
2022-12-30,배추,6772
2022-12-29,배추,6692
2022-12-28,배추,6758
2022-12-27,배추,7196
2022-12-26,배추,7430
2022-12-23,배추,6970
2022-12-22,배추,7090
2022-12-21,배추,6779
2022-12-20,배추,6479
2022-12-19,배추,6147
2022-12-16,배추,5991
2022-12-15,배추,6118
2022-12-14,배추,6118
2022-12-13,배추,5919
2022-12-12,배추,5918
2022-12-09,배추,6058
2022-12-08,배추,6058
2022-12-07,배추,6138
2022-12-06,배추,6152
2022-12-05,배추,6632
2022-12-01,배추,6112
2022-11-30,배추,5892
2022-11-29,배추,6292
2022-11-28,배추,6364
2022-11-25,배추,6800
2022-11-24,배추,6800
2022-11-23,배추,6800
2022-11-22,배추,6960
2022-11-21,배추,7000
2022-11-18,배추,7718
2022-11-17,배추,7132
2022-11-16,배추,7600
2022-11-15,배추,7384
2022-11-14,배추,7424
2022-11-11,배추,7704
2022-11-10,배추,7664
2022-11-09,배추,7460
2022-11-08,배추,7860
2022-11-07,배추,7997
2022-11-04,배추,8225
2022-11-03,배추,7992
2022-11-02,배추,7724
2022-11-01,배추,8239
2022-10-31,배추,8721
2022-10-28,배추,8916
2022-10-27,배추,9252
2022-10-26,배추,9072
2022-10-25,배추,9172
2022-10-24,배추,9660
2022-10-21,배추,9580
2022-10-20,배추,10040
2022-10-19,배추,10200
2022-10-18,배추,10720
2022-10-17,배추,11740
2022-10-14,배추,12100
2022-10-13,배추,13520
2022-10-12,배추,14120
2022-10-11,배추,15860
2022-10-07,배추,18720
2022-10-06,배추,21160
2022-10-05,배추,24040
2022-10-04,배추,24720
2022-09-30,배추,23740
2022-09-29,배추,24640
2022-09-28,배추,25860
2022-09-27,배추,26720
2022-09-26,배추,27760
2022-09-23,배추,31400
2022-09-22,배추,34080
2022-09-21,배추,34240
2022-09-20,배추,37940
2022-09-19,배추,35740
2022-09-16,배추,32940
2022-09-15,배추,34140
2022-09-14,배추,34240
2022-09-13,배추,35140
2022-09-08,배추,36560
2022-09-07,배추,38800
2022-09-06,배추,36040
2022-09-05,배추,36960
2022-09-02,배추,30120
2022-09-01,배추,29800
2022-08-31,배추,25700
2022-08-30,배추,24700
2022-08-29,배추,23240
2022-08-26,배추,18000
2022-08-25,배추,17680
2022-08-24,배추,16740
2022-08-23,배추,17480
2022-08-22,배추,16660
2022-08-19,배추,17040
2022-08-18,배추,16380
2022-08-17,배추,16960
2022-08-16,배추,15700
2022-08-12,배추,18480
2022-08-11,배추,20360
2022-08-10,배추,21180
2022-08-09,배추,19760
2022-08-08,배추,19840
2022-08-05,배추,20360
2022-08-04,배추,19460
2022-08-03,배추,19540
2022-08-02,배추,19200
2022-08-01,배추,20700
2022-07-29,배추,21980
2022-07-28,배추,22660
2022-07-27,배추,23760
2022-07-26,배추,25640
2022-07-20,배추,20060
2022-07-19,배추,18980
2022-07-18,배추,18420
2022-07-15,배추,16180
2022-07-14,배추,15580
2022-07-13,배추,13660
2022-07-12,배추,13740
2022-07-11,배추,12780
2022-07-08,배추,11520
2022-07-07,배추,11840
2022-07-06,배추,11440
2022-07-05,배추,11567
2022-07-04,배추,12600
2022-07-01,배추,12600
2022-06-30,배추,11120
2022-06-29,배추,9750
2022-06-28,배추,9650
2022-06-27,배추,9990
2022-06-24,배추,10480
2022-06-23,배추,10490
2022-06-22,배추,10150
2022-06-21,배추,10070
2022-06-20,배추,9750
2022-06-17,배추,9450
2022-06-16,배추,9410
2022-06-15,배추,9450
2022-06-14,배추,9630
2022-06-13,배추,9150
2022-06-10,배추,10040
2022-06-09,배추,9990
2022-06-08,배추,10150
2022-06-07,배추,10230
2022-06-03,배추,10760
2022-06-02,배추,10760
2022-05-31,배추,10520
2022-05-30,배추,9424
2022-05-27,배추,9304
2022-05-26,배추,9004
2022-05-25,배추,9450
2022-05-24,배추,9760
2022-05-23,배추,9860
2022-05-20,배추,9800
2022-05-19,배추,9760
2022-05-18,배추,9490
2022-05-17,배추,9370
2022-05-16,배추,10421
2022-05-13,배추,10161
2022-05-12,배추,10339
2022-05-11,배추,10383
2022-05-10,배추,10183
2022-05-09,배추,10033
2022-05-06,배추,10862
2022-05-04,배추,11050
2022-05-03,배추,10550
2022-05-02,배추,10800
2022-04-29,배추,11000
2022-04-28,배추,10850
2022-04-27,배추,11520
2022-04-26,배추,11520
2022-04-25,배추,11360
2022-04-22,배추,11680
2022-04-21,배추,11560
2022-04-20,배추,11560
2022-04-19,배추,11080
2022-04-18,배추,11160
2022-04-15,배추,10840
2022-04-14,배추,11360
2022-04-13,배추,10800
2022-04-12,배추,11080
2022-04-11,배추,10960
2022-04-08,배추,10960
2022-04-07,배추,10960
2022-04-06,배추,10960
2022-04-05,배추,11040
2022-04-04,배추,11080
2022-04-01,배추,10960
2022-03-31,배추,10920
2022-03-30,배추,11040
2022-03-29,배추,10940
2022-03-28,배추,10840
2022-03-25,배추,10340
2022-03-24,배추,10360
2022-03-23,배추,10280
2022-03-22,배추,10720
2022-03-21,배추,10720
2022-03-18,배추,10040
2022-03-17,배추,10000
2022-03-16,배추,9860
2022-03-15,배추,9630
2022-03-14,배추,9820
2022-03-11,배추,9724
2022-03-10,배추,9556
2022-03-08,배추,9144
2022-03-07,배추,9304
2022-03-04,배추,9264
2022-03-03,배추,9344
2022-03-02,배추,9196
2022-02-28,배추,8564
2022-02-25,배추,8750
2022-02-24,배추,8720
2022-02-23,배추,8960
2022-02-22,배추,9120
2022-02-21,배추,8900
2022-02-18,배추,9024
2022-02-17,배추,9144
2022-02-16,배추,9124
2022-02-15,배추,9124
2022-02-14,배추,9324
2022-02-11,배추,9110
2022-02-10,배추,8604
2022-02-09,배추,8984
2022-02-08,배추,8364
2022-02-07,배추,8364
2022-02-04,배추,8164
2022-02-03,배추,7924
2022-01-28,배추,8200
2022-01-27,배추,8040
2022-01-26,배추,8364
2022-01-25,배추,8404
2022-01-24,배추,9124
2022-01-21,배추,9044
2022-01-20,배추,9044
2022-01-19,배추,8884
2022-01-18,배추,8884
2022-01-17,배추,9250
2022-01-14,배추,8864
2022-01-13,배추,9124
2022-01-12,배추,8224
2022-01-11,배추,8944
2022-01-10,배추,8264
2022-01-07,배추,8544
2022-01-06,배추,8664
2022-01-05,배추,9270
2022-01-04,배추,9190
2022-01-03,배추,9920
2021-12-31,배추,8964
2021-12-30,배추,9264
2021-12-29,배추,9224
2021-12-28,배추,8944
2021-12-27,배추,9254
2021-12-24,배추,7974
2021-12-23,배추,8170
2021-12-22,배추,8130
2021-12-21,배추,8325
2021-12-20,배추,8863
2021-12-17,배추,8000
2021-12-16,배추,8571
2021-12-15,배추,8863
2021-12-14,배추,8834
2021-12-13,배추,8907
2021-12-10,배추,8424
2021-12-09,배추,8490
2021-12-08,배추,9170
2021-12-07,배추,9290
2021-12-06,배추,9170
2021-12-02,배추,10240
2021-12-01,배추,9690
2021-11-30,배추,9370
2021-11-29,배추,10800
2021-11-26,배추,10920
2021-11-25,배추,10680
2021-11-24,배추,11280
2021-11-23,배추,10920
2021-11-22,배추,11380
2021-11-19,배추,11040
2021-11-18,배추,11400
2021-11-17,배추,10320
2021-11-16,배추,11240
2021-11-15,배추,12060
2021-11-12,배추,13560
2021-11-11,배추,13400
2021-11-10,배추,12200
2021-11-09,배추,11880
2021-11-08,배추,11360
2021-11-05,배추,10850
2021-11-04,배추,9240
2021-11-03,배추,8677
2021-11-02,배추,8343
2021-11-01,배추,7955
2021-10-29,배추,7389
2021-10-28,배추,7360
2021-10-27,배추,7124
2021-10-26,배추,7524
2021-10-25,배추,7524
2021-10-22,배추,7484
2021-10-21,배추,6604
2021-10-20,배추,7250
2021-10-19,배추,7210
2021-10-18,배추,6040
2021-10-15,배추,5840
2021-10-14,배추,5840
2021-10-13,배추,6144
2021-10-12,배추,6744
2021-10-08,배추,7664
2021-10-07,배추,8330
2021-10-06,배추,8904
2021-10-05,배추,9564
2021-10-01,배추,10204
2021-09-30,배추,10600
2021-09-29,배추,10840
2021-09-28,배추,11260
2021-09-27,배추,11560
2021-09-24,배추,13920
2021-09-23,배추,15240
2021-09-17,배추,15240
2021-09-16,배추,15200
2021-09-15,배추,15200
2021-09-14,배추,15160
2021-09-13,배추,15320
2021-09-10,배추,13080
2021-09-09,배추,13080
2021-09-08,배추,14140
2021-09-07,배추,14140
2021-09-06,배추,12760
2021-09-03,배추,12520
2021-09-02,배추,13200
2021-09-01,배추,11260
2021-08-31,배추,10340
2021-08-30,배추,11040
2021-08-27,배추,9404
2021-08-26,배추,9724
2021-08-25,배추,9564
2021-08-24,배추,8270
2021-08-23,배추,9270
2021-08-20,배추,10320
2021-08-19,배추,11080
2021-08-18,배추,10440
2021-08-17,배추,9130
2021-08-13,배추,9860
2021-08-12,배추,9570
2021-08-11,배추,10200
2021-08-10,배추,10360
2021-08-09,배추,10320
2021-08-06,배추,10820
2021-08-05,배추,10900
2021-08-04,배추,11320
2021-08-03,배추,11720
2021-08-02,배추,10820
2021-07-30,배추,9590
2021-07-29,배추,8430
2021-07-28,배추,9510
2021-07-27,배추,8790
2021-07-26,배추,8190
2021-07-23,배추,6430
2021-07-22,배추,6390
2021-07-21,배추,6944
2021-07-20,배추,7450
2021-07-19,배추,6750
2021-07-16,배추,6090
2021-07-15,배추,5970
2021-07-14,배추,6764
2021-07-13,배추,7070
2021-07-12,배추,8308
2021-07-09,배추,8500
2021-07-08,배추,8636
2021-07-07,배추,8370
2021-07-06,배추,8330
2021-07-05,배추,8570
2021-07-02,배추,6344
2021-07-01,배추,6650
2021-06-30,배추,5824
2021-06-29,배추,5850
2021-06-28,배추,6650
2021-06-25,배추,5850
2021-06-24,배추,6050
2021-06-23,배추,6050
2021-06-22,배추,6050
2021-06-21,배추,6650
2021-06-18,배추,5800
2021-06-17,배추,5800
2021-06-16,배추,5800
2021-06-15,배추,6200
2021-06-14,배추,5500
2021-06-11,배추,6024
2021-06-10,배추,6330
2021-06-09,배추,5850
2021-06-08,배추,6050
2021-06-07,배추,6950
2021-06-04,배추,6250
2021-06-03,배추,6850
2021-06-02,배추,6250
2021-06-01,배추,7050
2021-05-31,배추,7250
2021-05-28,배추,7050
2021-05-27,배추,7050
2021-05-26,배추,6250
2021-05-25,배추,6250
2021-05-24,배추,6250
2021-05-21,배추,6850
2021-05-20,배추,5824
2021-05-18,배추,5424
2021-05-17,배추,5904
2021-05-14,배추,5524
2021-05-13,배추,7337
2021-05-12,배추,7337
2021-05-11,배추,8432
2021-05-10,배추,8632
2021-05-07,배추,8282
2021-05-06,배추,8782
2021-05-04,배추,8722
2021-05-03,배추,8900
2021-04-30,배추,9750
2021-04-29,배추,9550
2021-04-28,배추,10640
2021-04-27,배추,10640
2021-04-26,배추,10640
2021-04-23,배추,10640
2021-04-22,배추,10440
2021-04-21,배추,10640
2021-04-20,배추,10640
2021-04-19,배추,11020
2021-04-16,배추,10820
2021-04-15,배추,10840
2021-04-14,배추,11040
2021-04-13,배추,11040
2021-04-12,배추,10640
2021-04-09,배추,10840
2021-04-08,배추,10840
2021-04-07,배추,10840
2021-04-06,배추,11040
2021-04-05,배추,10840
2021-04-02,배추,11040
2021-04-01,배추,11040
2021-03-31,배추,10240
2021-03-30,배추,10840
2021-03-29,배추,10840
2021-03-26,배추,10640
2021-03-25,배추,10440
2021-03-24,배추,10640
2021-03-23,배추,10640
2021-03-22,배추,11040
2021-03-19,배추,10040
2021-03-18,배추,10040
2021-03-17,배추,10340
2021-03-16,배추,10340
2021-03-15,배추,10620
2021-03-12,배추,10140
2021-03-11,배추,10740
2021-03-10,배추,10220
2021-03-09,배추,10220
2021-03-08,배추,10220
2021-03-05,배추,9624
2021-03-04,배추,10024
2021-03-03,배추,10460
2021-03-02,배추,10460
2021-02-26,배추,10120
2021-02-25,배추,9024
2021-02-24,배추,9224
2021-02-23,배추,9844
2021-02-22,배추,9724
2021-02-19,배추,9824
2021-02-18,배추,9450
2021-02-17,배추,8450
2021-02-16,배추,8250
2021-02-15,배추,7950
2021-02-10,배추,8150
2021-02-09,배추,7550
2021-02-08,배추,7150
2021-02-05,배추,8050
2021-02-04,배추,7384
2021-02-03,배추,7224
2021-02-02,배추,7124
2021-02-01,배추,7024
2021-01-29,배추,7324
2021-01-28,배추,7224
2021-01-27,배추,7024
2021-01-26,배추,6124
2021-01-25,배추,6224
2021-01-21,배추,6104
2021-01-20,배추,6104
2021-01-19,배추,6624
2021-01-18,배추,6224
2021-01-15,배추,6024
2021-01-14,배추,6024
2021-01-13,배추,5924
2021-01-12,배추,5924
2021-01-11,배추,5224
2021-01-08,배추,5104
2021-01-07,배추,5104
2021-01-06,배추,5204
2021-01-05,배추,5104
2021-01-04,배추,4730
2020-12-31,배추,4606
2020-12-30,배추,4689
2020-12-29,배추,4689
2020-12-28,배추,4633
2020-12-24,배추,4578
2020-12-23,배추,4700
2020-12-22,배추,4967
2020-12-21,배추,5150
2020-12-18,배추,5363
2020-12-17,배추,5413
2020-12-16,배추,5350
2020-12-15,배추,5238
2020-12-14,배추,5238
2020-12-11,배추,5090
2020-12-10,배추,5090
2020-12-09,배추,5090
2020-12-08,배추,5130
2020-12-07,배추,5130
2020-12-03,배추,5270
2020-12-02,배추,5650
2020-12-01,배추,5450
2020-11-30,배추,5230
2020-11-27,배추,6430
2020-11-26,배추,6930
2020-11-25,배추,6930
2020-11-24,배추,6430
2020-11-23,배추,7050
2020-11-20,배추,8250
2020-11-19,배추,7950
2020-11-18,배추,7310
2020-11-17,배추,7224
2020-11-16,배추,6550
2020-11-13,배추,7530
2020-11-12,배추,6480
2020-11-11,배추,6480
2020-11-10,배추,6000
2020-11-09,배추,6220
2020-11-06,배추,5720
2020-11-05,배추,5320
2020-11-04,배추,5320
2020-11-02,배추,6160
2020-10-30,배추,6200
2020-10-29,배추,6100
2020-10-28,배추,6820
2020-10-27,배추,7560
2020-10-26,배추,7560
2020-10-23,배추,7780
2020-10-22,배추,7773
2020-10-21,배추,8513
2020-10-20,배추,9413
2020-10-19,배추,9533
2020-10-16,배추,9950
2020-10-15,배추,10750
2020-10-14,배추,12030
2020-10-13,배추,13810
2020-10-12,배추,15267
2020-10-08,배추,22180
2020-10-07,배추,22780
2020-10-06,배추,23740
2020-10-05,배추,26020
2020-09-29,배추,27620
2020-09-28,배추,27420
2020-09-25,배추,26780
2020-09-24,배추,26980
2020-09-23,배추,26500
2020-09-22,배추,26900
2020-09-21,배추,27260
2020-09-18,배추,28900
2020-09-17,배추,28260
2020-09-16,배추,29140
2020-09-15,배추,27900
2020-09-14,배추,29300
2020-09-11,배추,24740
2020-09-10,배추,24540
2020-09-09,배추,24320
2020-09-08,배추,26240
2020-09-07,배추,24120
2020-09-04,배추,24320
2020-09-03,배추,22660
2020-09-02,배추,19800
2020-09-01,배추,21400
2020-08-31,배추,23400
2020-08-28,배추,27400
2020-08-27,배추,26200
2020-08-26,배추,25540
2020-08-25,배추,24440
2020-08-24,배추,24640
2020-08-21,배추,20160
2020-08-20,배추,20620
2020-08-19,배추,20340
2020-08-18,배추,20300
2020-08-14,배추,20540
2020-08-13,배추,19740
2020-08-12,배추,19060
2020-08-11,배추,18140
2020-08-10,배추,16720
2020-08-07,배추,15440
2020-08-06,배추,12600
2020-08-05,배추,12140
2020-08-04,배추,13060
2020-08-03,배추,13660
2020-07-31,배추,13300
2020-07-30,배추,13200
2020-07-29,배추,14540
2020-07-28,배추,14180
2020-07-27,배추,13940
2020-07-24,배추,13180
2020-07-23,배추,12900
2020-07-22,배추,13560
2020-07-21,배추,14680
2020-07-20,배추,13440
2020-07-17,배추,11658
2020-07-16,배추,12271
2020-07-15,배추,12340
2020-07-14,배추,12340
2020-07-13,배추,11140
2020-07-10,배추,9100
2020-07-09,배추,9100
2020-07-08,배추,9100
2020-07-07,배추,8900
2020-07-06,배추,8270
2020-07-03,배추,8150
2020-07-02,배추,8550
2020-07-01,배추,9500
2020-06-30,배추,9080
2020-06-29,배추,8980
2020-06-26,배추,9664
2020-06-25,배추,9904
2020-06-24,배추,10040
2020-06-23,배추,9720
2020-06-22,배추,9740
2020-06-19,배추,9080
2020-06-18,배추,9200
2020-06-17,배추,9200
2020-06-16,배추,10400
2020-06-15,배추,10200
2020-06-12,배추,8600
2020-06-11,배추,8600
2020-06-10,배추,8600
2020-06-09,배추,8600
2020-06-08,배추,8600
2020-06-05,배추,8000
2020-06-04,배추,9000
2020-06-03,배추,9100
2020-06-02,배추,9600
2020-06-01,배추,10000
2020-05-29,배추,11200
2020-05-28,배추,11600
2020-05-27,배추,11400
2020-05-26,배추,11600
2020-05-25,배추,11600
2020-05-22,배추,12400
2020-05-21,배추,12400
2020-05-20,배추,11200
2020-05-19,배추,11200
2020-05-18,배추,10000
2020-05-15,배추,10200
2020-05-14,배추,10000
2020-05-13,배추,10000
2020-05-12,배추,11000
2020-05-11,배추,11214
2020-05-08,배추,12000
2020-05-07,배추,12500
2020-05-06,배추,14200
2020-05-04,배추,16800
2020-04-29,배추,15800
2020-04-28,배추,14600
2020-04-27,배추,12900
2020-04-24,배추,12600
2020-04-23,배추,11900
2020-04-22,배추,11300
2020-04-21,배추,10300
2020-04-20,배추,10300
2020-04-17,배추,10300
2020-04-16,배추,10200
2020-04-14,배추,10100
2020-04-13,배추,9700
2020-04-10,배추,9700
2020-04-09,배추,9700
2020-04-08,배추,9400
2020-04-07,배추,9400
2020-04-06,배추,9400
2020-04-03,배추,9600
2020-04-02,배추,10200
2020-04-01,배추,9800
2020-03-31,배추,10000
2020-03-30,배추,10200
2020-03-27,배추,9300
2020-03-26,배추,9400
2020-03-25,배추,9400
2020-03-24,배추,9400
2020-03-23,배추,9400
2020-03-20,배추,9200
2020-03-19,배추,9400
2020-03-18,배추,9600
2020-03-17,배추,9600
2020-03-16,배추,10000
2020-03-13,배추,10000
2020-03-12,배추,9800
2020-03-11,배추,10000
2020-03-10,배추,10000
2020-03-09,배추,9600
2020-03-06,배추,9500
2020-03-05,배추,9750
2020-03-04,배추,9500
2020-03-03,배추,9500
2020-03-02,배추,9500
2020-02-28,배추,9500
2020-02-27,배추,9500
2020-02-26,배추,10250
2020-02-25,배추,10500
2020-02-24,배추,9750
2020-02-21,배추,9750
2020-02-20,배추,10200
2020-02-19,배추,10600
2020-02-18,배추,10000
2020-02-17,배추,10200
2020-02-14,배추,9800
2020-02-13,배추,9600
2020-02-12,배추,9600
2020-02-11,배추,9600
2020-02-10,배추,9600
2020-02-07,배추,9700
2020-02-06,배추,9400
2020-02-05,배추,9400
2020-02-04,배추,9400
2020-02-03,배추,9600
2020-01-31,배추,10000
2020-01-30,배추,10400
2020-01-29,배추,10200
2020-01-28,배추,10250
2020-01-23,배추,10000
2020-01-22,배추,10200
2020-01-21,배추,9960
2020-01-20,배추,9960
2020-01-17,배추,9960
2020-01-16,배추,10160
2020-01-15,배추,9960
2020-01-14,배추,10160
2020-01-13,배추,9960
2020-01-10,배추,10080
2020-01-09,배추,10080
2020-01-08,배추,10800
2020-01-07,배추,11100
2020-01-06,배추,10500
2020-01-03,배추,10900
2020-01-02,배추,11889
2019-12-31,배추,11600
2019-12-30,배추,10400
2019-12-27,배추,9800
2019-12-26,배추,9200
2019-12-24,배추,9000
2019-12-23,배추,10000
2019-12-20,배추,10000
2019-12-19,배추,10000
2019-12-18,배추,10200
2019-12-17,배추,9900
2019-12-16,배추,9900
2019-12-13,배추,9700
2019-12-12,배추,10000
2019-12-11,배추,9800
2019-12-10,배추,9600
2019-12-09,배추,10200
2019-12-05,배추,9900
2019-12-04,배추,9800
2019-12-03,배추,9200
2019-12-02,배추,9600
2019-11-29,배추,9500
2019-11-28,배추,9400
2019-11-27,배추,8900
2019-11-26,배추,9300
2019-11-25,배추,9500
2019-11-22,배추,10200
2019-11-21,배추,10600
2019-11-20,배추,11000
2019-11-19,배추,11000
2019-11-18,배추,11000
2019-11-15,배추,10000
2019-11-14,배추,9300
2019-11-13,배추,9100
2019-11-12,배추,9100
2019-11-11,배추,9100
2019-11-08,배추,8800
2019-11-07,배추,8600
2019-11-06,배추,9100
2019-11-05,배추,9400
2019-11-04,배추,9400
2019-11-01,배추,10800
2019-10-31,배추,11400
2019-10-30,배추,12200
2019-10-29,배추,12000
2019-10-28,배추,12200
2019-10-25,배추,14050
2019-10-24,배추,14300
2019-10-23,배추,14800
2019-10-22,배추,15180
2019-10-21,배추,15480
2019-10-18,배추,16000
2019-10-17,배추,16200
2019-10-16,배추,15200
2019-10-15,배추,14400
2019-10-14,배추,14800
2019-10-11,배추,15200
2019-10-10,배추,15600
2019-10-08,배추,17200
2019-10-07,배추,18200
2019-10-04,배추,22000
2019-10-02,배추,20600
2019-10-01,배추,20600
2019-09-30,배추,19600
2019-09-27,배추,17800
2019-09-26,배추,18400
2019-09-25,배추,17400
2019-09-24,배추,17600
2019-09-23,배추,18400
2019-09-20,배추,15200
2019-09-19,배추,14400
2019-09-18,배추,14400
2019-09-17,배추,14000
2019-09-16,배추,12800
2019-09-11,배추,13700
2019-09-10,배추,13600
2019-09-09,배추,14200
2019-09-06,배추,13200
2019-09-05,배추,13200
2019-09-04,배추,12600
2019-09-03,배추,11400
2019-09-02,배추,10200
2019-08-30,배추,10400
2019-08-29,배추,10000
2019-08-28,배추,9600
2019-08-27,배추,9600
2019-08-26,배추,9400
2019-08-23,배추,8800
2019-08-22,배추,8800
2019-08-21,배추,8400
2019-08-20,배추,8200
2019-08-19,배추,8200
2019-08-16,배추,8800
2019-08-14,배추,8200
2019-08-13,배추,8200
2019-08-12,배추,8400
2019-08-09,배추,9000
2019-08-08,배추,9400
2019-08-07,배추,8200
2019-08-06,배추,8000
2019-08-05,배추,8300
2019-08-02,배추,8500
2019-08-01,배추,7800
2019-07-31,배추,7200
2019-07-30,배추,7400
2019-07-29,배추,7400
2019-07-26,배추,7000
2019-07-25,배추,7100
2019-07-24,배추,6900
2019-07-23,배추,7500
2019-07-22,배추,8600
2019-07-19,배추,6900
2019-07-18,배추,6700
2019-07-17,배추,7200
2019-07-16,배추,7600
2019-07-15,배추,7600
2019-07-12,배추,8700
2019-07-11,배추,8200
2019-07-10,배추,7500
2019-07-09,배추,7400
2019-07-08,배추,6800
2019-07-05,배추,6900
2019-07-04,배추,6700
2019-07-03,배추,7100
2019-07-02,배추,7400
2019-07-01,배추,7600
2019-06-28,배추,7600
2019-06-27,배추,6700
2019-06-26,배추,5900
2019-06-25,배추,5900
2019-06-24,배추,6000
2019-06-21,배추,6000
2019-06-20,배추,6000
2019-06-19,배추,6200
2019-06-18,배추,6300
2019-06-17,배추,6100
2019-06-14,배추,6200
2019-06-13,배추,6000
2019-06-12,배추,5500
2019-06-11,배추,5060
2019-06-10,배추,5060
2019-06-07,배추,5060
2019-06-05,배추,4640
2019-06-04,배추,4640
2019-06-03,배추,4320
2019-05-31,배추,4160
2019-05-30,배추,4160
2019-05-29,배추,4300
2019-05-28,배추,4200
2019-05-27,배추,4100
2019-05-24,배추,4020
2019-05-23,배추,4070
2019-05-22,배추,4020
2019-05-21,배추,4315
2019-05-20,배추,4600
2019-05-17,배추,3900
2019-05-16,배추,3610
2019-05-15,배추,3760
2019-05-14,배추,3600
2019-05-13,배추,3600
2019-05-10,배추,3690
2019-05-09,배추,3640
2019-05-08,배추,3610
2019-05-07,배추,3540
2019-05-03,배추,3540
2019-05-02,배추,3540
2019-04-30,배추,3640
2019-04-29,배추,3640
2019-04-26,배추,3640
2019-04-25,배추,3500
2019-04-24,배추,3440
2019-04-23,배추,3340
2019-04-22,배추,3340
2019-04-19,배추,3340
2019-04-18,배추,3340
2019-04-17,배추,3340
2019-04-16,배추,3340
2019-04-15,배추,3340
2019-04-12,배추,3240
2019-04-11,배추,3240
2019-04-10,배추,3340
2019-04-09,배추,3340
2019-04-08,배추,3340
2019-04-05,배추,3340
2019-04-04,배추,3340
2019-04-03,배추,3400
2019-04-02,배추,3620
2019-04-01,배추,3660
2019-03-29,배추,3660
2019-03-28,배추,3660
2019-03-27,배추,3660
2019-03-26,배추,3700
2019-03-25,배추,3700
2019-03-22,배추,3600
2019-03-21,배추,3600
2019-03-20,배추,3760
2019-03-19,배추,3760
2019-03-18,배추,3800
2019-03-15,배추,3800
2019-03-14,배추,3800
2019-03-13,배추,3800
2019-03-12,배추,3800
2019-03-11,배추,3800
2019-03-08,배추,3800
2019-03-07,배추,3800
2019-03-06,배추,3800
2019-03-05,배추,3700
2019-03-04,배추,3700
2019-02-28,배추,3600
2019-02-27,배추,3700
2019-02-26,배추,3700
2019-02-25,배추,3680
2019-02-22,배추,4080
2019-02-21,배추,4000
2019-02-20,배추,4000
2019-02-19,배추,4000
2019-02-18,배추,4000
2019-02-15,배추,4220
2019-02-14,배추,4120
2019-02-13,배추,4200
2019-02-12,배추,4120
2019-02-11,배추,4120
2019-02-08,배추,4200
2019-02-07,배추,4300
2019-02-01,배추,4300
2019-01-31,배추,4500
2019-01-30,배추,4400
2019-01-29,배추,4400
2019-01-28,배추,4400
2019-01-25,배추,4300
2019-01-24,배추,4300
2019-01-23,배추,4600
2019-01-22,배추,4400
2019-01-21,배추,4500
2019-01-18,배추,4500
2019-01-17,배추,4600
2019-01-16,배추,4780
2019-01-15,배추,4800
2019-01-14,배추,4600
2019-01-11,배추,5000
2019-01-10,배추,5100
2019-01-09,배추,5100
2019-01-08,배추,5300
2019-01-07,배추,5800
2019-01-04,배추,5700
2019-01-03,배추,5800
2019-01-02,배추,5766
2018-12-31,배추,5532
2018-12-28,배추,5466
2018-12-27,배추,5466
2018-12-26,배추,5800
2018-12-24,배추,5600
2018-12-21,배추,5600
2018-12-20,배추,5600
2018-12-19,배추,5600
2018-12-18,배추,5700
2018-12-17,배추,6100
2018-12-14,배추,6466
2018-12-13,배추,6966
2018-12-12,배추,6966
2018-12-11,배추,6966
2018-12-10,배추,6966
2018-12-06,배추,6700
2018-12-05,배추,6566
2018-12-04,배추,6500
2018-12-03,배추,6632
2018-11-30,배추,6800
2018-11-29,배추,6600
2018-11-28,배추,6600
2018-11-27,배추,6400
2018-11-26,배추,7000
2018-11-23,배추,7500
2018-11-22,배추,7000
2018-11-21,배추,7200
2018-11-20,배추,7200
2018-11-19,배추,7400
2018-11-16,배추,7200
2018-11-15,배추,7800
2018-11-14,배추,7800
2018-11-13,배추,7600
2018-11-12,배추,7600
2018-11-09,배추,8200
2018-11-08,배추,8200
2018-11-07,배추,8100
2018-11-06,배추,8300
2018-11-05,배추,8100
2018-11-02,배추,7900
2018-11-01,배추,7800
2018-10-31,배추,7800
2018-10-30,배추,7800
2018-10-29,배추,7900
2018-10-26,배추,7800
2018-10-25,배추,7800
2018-10-24,배추,7800
2018-10-23,배추,7800
2018-10-22,배추,8200
2018-10-19,배추,8100
2018-10-18,배추,7900
2018-10-17,배추,8100
2018-10-16,배추,8266
2018-10-15,배추,8066
2018-10-12,배추,8100
2018-10-11,배추,8400
2018-10-10,배추,9000
2018-10-08,배추,10000
2018-10-05,배추,9100
2018-10-04,배추,8700
2018-10-02,배추,10200
2018-10-01,배추,11000
2018-09-28,배추,11800
2018-09-27,배추,12600
2018-09-21,배추,14000
2018-09-20,배추,13800
2018-09-19,배추,14400
2018-09-18,배추,14400
2018-09-17,배추,14800
2018-09-14,배추,15000
2018-09-13,배추,15600
2018-09-12,배추,16000
2018-09-11,배추,15800
2018-09-10,배추,15200
2018-09-07,배추,15400
2018-09-06,배추,16200
2018-09-05,배추,16400
2018-09-04,배추,17000
2018-09-03,배추,19400
2018-08-31,배추,20200
2018-08-30,배추,21800
2018-08-29,배추,23000
2018-08-28,배추,24600
2018-08-27,배추,23600
2018-08-24,배추,25000
2018-08-23,배추,22800
2018-08-22,배추,21000
2018-08-21,배추,20400
2018-08-20,배추,19800
2018-08-17,배추,18400
2018-08-16,배추,17000
2018-08-14,배추,15400
2018-08-13,배추,15000
2018-08-10,배추,15200
2018-08-09,배추,15000
2018-08-08,배추,15600
2018-08-07,배추,15600
2018-08-06,배추,15200
2018-08-03,배추,14800
2018-08-02,배추,15600
2018-08-01,배추,16000
2018-07-31,배추,17000
2018-07-30,배추,15800
2018-07-27,배추,16200
2018-07-26,배추,14720
2018-07-25,배추,13400
2018-07-24,배추,13200
2018-07-23,배추,12400
2018-07-20,배추,10800
2018-07-19,배추,10600
2018-07-18,배추,10000
2018-07-17,배추,9510
2018-07-16,배추,10210
2018-07-13,배추,9200
2018-07-12,배추,8800
2018-07-11,배추,8600
2018-07-10,배추,7300
2018-07-09,배추,7200
2018-07-06,배추,6600
2018-07-05,배추,6700
2018-07-04,배추,6800
2018-07-03,배추,6932
2018-07-02,배추,6866
2018-06-29,배추,6666
2018-06-28,배추,7066
2018-06-27,배추,6900
2018-06-26,배추,6500
2018-06-25,배추,6400
2018-06-22,배추,5900
2018-06-21,배추,5800
2018-06-20,배추,5900
2018-06-19,배추,6000
2018-06-18,배추,6000
2018-06-15,배추,5600
2018-06-14,배추,5500
2018-06-12,배추,4900
2018-06-11,배추,5000
2018-06-08,배추,4900
2018-06-07,배추,4900
2018-06-05,배추,4900
2018-06-04,배추,4900
2018-06-01,배추,5100
2018-05-31,배추,5100
2018-05-30,배추,5200
2018-05-29,배추,5200
2018-05-28,배추,5200
2018-05-25,배추,5300
2018-05-24,배추,5300
2018-05-23,배추,5400
2018-05-21,배추,6000
2018-05-18,배추,6750
2018-05-17,배추,6780
2018-05-16,배추,6780
2018-05-15,배추,6780
2018-05-14,배추,6630
2018-05-11,배추,6700
2018-05-10,배추,7050
2018-05-09,배추,7050
2018-05-08,배추,7200
2018-05-04,배추,7900
2018-05-03,배추,7800
2018-05-02,배추,8000
2018-04-30,배추,8000
2018-04-27,배추,7800
2018-04-26,배추,7900
2018-04-25,배추,8200
2018-04-24,배추,8200
2018-04-23,배추,8200
2018-04-20,배추,8000
2018-04-19,배추,8000
2018-04-18,배추,8100
2018-04-17,배추,8400
2018-04-16,배추,8300
2018-04-13,배추,8200
2018-04-12,배추,8400
2018-04-11,배추,8300
2018-04-10,배추,8300
2018-04-09,배추,8000
2018-04-06,배추,7900
2018-04-05,배추,8300
2018-04-04,배추,8200
2018-04-03,배추,8500
2018-04-02,배추,8500
2018-03-30,배추,8500
2018-03-29,배추,8600
2018-03-28,배추,8900
2018-03-27,배추,9100
2018-03-26,배추,9200
2018-03-23,배추,9200
2018-03-22,배추,9000
2018-03-21,배추,8400
2018-03-20,배추,8200
2018-03-19,배추,8300
2018-03-16,배추,8300
2018-03-15,배추,8800
2018-03-14,배추,8900
2018-03-13,배추,8600
2018-03-12,배추,9200
2018-03-09,배추,8700
2018-03-08,배추,8700
2018-03-07,배추,8800
2018-03-06,배추,8800
2018-03-05,배추,8600
2018-03-02,배추,8600
2018-02-28,배추,8600
2018-02-27,배추,8600
2018-02-26,배추,8500
2018-02-23,배추,8200
2018-02-22,배추,8200
2018-02-21,배추,8400
2018-02-20,배추,8400
2018-02-19,배추,8200
2018-02-14,배추,8800
2018-02-13,배추,9100
2018-02-12,배추,9300
2018-02-09,배추,10200
2018-02-08,배추,10500
2018-02-07,배추,10900
2018-02-06,배추,10600
2018-02-05,배추,10000
2018-02-02,배추,9100
2018-02-01,배추,8360
2018-01-31,배추,8300
2018-01-30,배추,7800
2018-01-29,배추,6900
2018-01-26,배추,6400
2018-01-25,배추,6400
2018-01-24,배추,6460
2018-01-23,배추,6500
2018-01-22,배추,6360
2018-01-19,배추,6300
2018-01-18,배추,6260
2018-01-17,배추,6400
2018-01-16,배추,7000
2018-01-15,배추,6800
2018-01-12,배추,6960
2018-01-11,배추,7000
2018-01-10,배추,7000
2018-01-09,배추,7000
2018-01-08,배추,7000
2018-01-05,배추,6850
2018-01-04,배추,6850
2018-01-03,배추,6830
2018-01-02,배추,6850
2017-12-29,배추,6800
2017-12-28,배추,6900
2017-12-27,배추,6960
2017-12-26,배추,6900
2017-12-22,배추,7040
2017-12-21,배추,7040
2017-12-20,배추,7000
2017-12-19,배추,6900
2017-12-18,배추,6860
2017-12-15,배추,6660
2017-12-14,배추,6600
2017-12-13,배추,6420
2017-12-12,배추,6420
2017-12-11,배추,6420
2017-12-08,배추,6220
2017-12-07,배추,5500
2017-12-06,배추,5460
2017-12-05,배추,5500
2017-12-04,배추,5840
2017-11-30,배추,5960
2017-11-29,배추,5960
2017-11-28,배추,5960
2017-11-27,배추,6200
2017-11-24,배추,7200
2017-11-23,배추,7000
2017-11-22,배추,6560
2017-11-21,배추,6500
2017-11-20,배추,6240
2017-11-17,배추,6440
2017-11-16,배추,6160
2017-11-15,배추,6000
2017-11-14,배추,6000
2017-11-13,배추,6200
2017-11-10,배추,6200
2017-11-09,배추,6000
2017-11-08,배추,5960
2017-11-07,배추,5460
2017-11-06,배추,5400
2017-11-03,배추,5460
2017-11-02,배추,5360
2017-11-01,배추,5400
2017-10-31,배추,5760
2017-10-30,배추,5760
2017-10-27,배추,5700
2017-10-26,배추,5700
2017-10-25,배추,5700
2017-10-24,배추,5700
2017-10-23,배추,5700
2017-10-20,배추,5400
2017-10-19,배추,5800
2017-10-18,배추,6400
2017-10-17,배추,6600
2017-10-16,배추,7400
2017-10-13,배추,8400
2017-10-12,배추,10200
2017-10-11,배추,12800
2017-10-10,배추,13000
2017-09-29,배추,14200
2017-09-28,배추,13600
2017-09-27,배추,14800
2017-09-26,배추,15200
2017-09-25,배추,16200
2017-09-22,배추,16800
2017-09-21,배추,16200
2017-09-20,배추,17000
2017-09-19,배추,16800
2017-09-18,배추,17400
2017-09-15,배추,17200
2017-09-14,배추,17400
2017-09-13,배추,17800
2017-09-12,배추,18000
2017-09-11,배추,18400
2017-09-08,배추,19200
2017-09-07,배추,20200
2017-09-06,배추,20400
2017-09-05,배추,20600
2017-09-04,배추,20000
2017-09-01,배추,18400
2017-08-31,배추,16600
2017-08-30,배추,17400
2017-08-29,배추,17200
2017-08-28,배추,17600
2017-08-25,배추,17600
2017-08-24,배추,17200
2017-08-23,배추,18200
2017-08-22,배추,17200
2017-08-21,배추,16700
2017-08-18,배추,16300
2017-08-17,배추,15700
2017-08-16,배추,15600
2017-08-14,배추,16200
2017-08-11,배추,14200
2017-08-10,배추,13700
2017-08-09,배추,12900
2017-08-08,배추,12550
2017-08-07,배추,12600
2017-08-04,배추,12450
2017-08-03,배추,12600
2017-08-02,배추,12200
2017-08-01,배추,11950
2017-07-31,배추,12100
2017-07-28,배추,10900
2017-07-27,배추,11300
2017-07-26,배추,11300
2017-07-25,배추,10200
2017-07-24,배추,10200
2017-07-21,배추,8900
2017-07-20,배추,9300
2017-07-19,배추,9100
2017-07-18,배추,9100
2017-07-17,배추,8900
2017-07-14,배추,7900
2017-07-13,배추,7900
2017-07-12,배추,7800
2017-07-11,배추,6700
2017-07-10,배추,6240
2017-07-07,배추,5600
2017-07-06,배추,5800
2017-07-05,배추,6300
2017-07-04,배추,6100
2017-07-03,배추,6000
2017-06-30,배추,5400
2017-06-29,배추,5600
2017-06-28,배추,5600
2017-06-27,배추,5600
2017-06-26,배추,5500
2017-06-23,배추,5800
2017-06-22,배추,5300
2017-06-21,배추,4700
2017-06-20,배추,4700
2017-06-19,배추,4700
2017-06-16,배추,4300
2017-06-15,배추,4400
2017-06-14,배추,4500
2017-06-13,배추,4500
2017-06-12,배추,4700
2017-06-09,배추,5300
2017-06-08,배추,5200
2017-06-07,배추,5200
2017-06-05,배추,4300
2017-06-02,배추,3900
2017-06-01,배추,3600
2017-05-31,배추,3700
2017-05-30,배추,3900
2017-05-29,배추,3500
2017-05-26,배추,4300
2017-05-25,배추,4300
2017-05-24,배추,4300
2017-05-23,배추,4300
2017-05-22,배추,4300
2017-05-19,배추,3900
2017-05-18,배추,3700
2017-05-17,배추,3800
2017-05-16,배추,3800
2017-05-15,배추,3700
2017-05-12,배추,4000
2017-05-11,배추,4000
2017-05-10,배추,5650
2017-05-08,배추,5650
2017-05-04,배추,5500
2017-05-02,배추,5350
2017-04-28,배추,6800
2017-04-27,배추,7000
2017-04-26,배추,7000
2017-04-25,배추,7100
2017-04-24,배추,7400
2017-04-21,배추,7400
2017-04-20,배추,7400
2017-04-19,배추,7400
2017-04-18,배추,7200
2017-04-17,배추,7200
2017-04-14,배추,7400
2017-04-13,배추,7400
2017-04-12,배추,7500
2017-04-11,배추,8400
2017-04-10,배추,8000
2017-04-07,배추,8500
2017-04-06,배추,8700
2017-04-05,배추,9100
2017-04-04,배추,9300
2017-04-03,배추,9300
2017-03-31,배추,9300
2017-03-30,배추,9300
2017-03-29,배추,9300
2017-03-28,배추,9500
2017-03-27,배추,9900
2017-03-24,배추,9300
2017-03-23,배추,8900
2017-03-22,배추,9300
2017-03-21,배추,9500
2017-03-20,배추,9500
2017-03-17,배추,9500
2017-03-16,배추,9500
2017-03-15,배추,9300
2017-03-14,배추,9300
2017-03-13,배추,9300
2017-03-10,배추,9600
2017-03-09,배추,9600
2017-03-08,배추,9600
2017-03-07,배추,9600
2017-03-06,배추,9600
2017-03-03,배추,9600
2017-03-02,배추,10000
2017-02-28,배추,10000
2017-02-27,배추,10000
2017-02-24,배추,10200
2017-02-23,배추,10200
2017-02-22,배추,10200
2017-02-21,배추,10600
2017-02-20,배추,10300
2017-02-17,배추,9000
2017-02-16,배추,9600
2017-02-15,배추,9600
2017-02-14,배추,9600
2017-02-13,배추,10200
2017-02-10,배추,10200
2017-02-09,배추,10200
2017-02-08,배추,10200
2017-02-07,배추,10200
2017-02-06,배추,10200
2017-02-03,배추,10200
2017-02-02,배추,10400
2017-02-01,배추,10200
2017-01-31,배추,10800
2017-01-26,배추,10800
2017-01-25,배추,10800
2017-01-24,배추,10800
2017-01-23,배추,10800
2017-01-20,배추,9800
2017-01-19,배추,9800
2017-01-18,배추,10000
2017-01-17,배추,10200
2017-01-16,배추,10400
2017-01-13,배추,10000
2017-01-12,배추,10000
2017-01-11,배추,10000
2017-01-10,배추,9400
2017-01-09,배추,9400
2017-01-06,배추,9400
2017-01-05,배추,9800
2017-01-04,배추,10400
2017-01-03,배추,10000
2017-01-02,배추,9600
2016-12-30,배추,9000
2016-12-29,배추,9200
2016-12-28,배추,9200
2016-12-27,배추,9200
2016-12-26,배추,9200
2016-12-23,배추,9000
2016-12-22,배추,9300
2016-12-21,배추,9500
2016-12-20,배추,9000
2016-12-19,배추,9200
2016-12-16,배추,9600
2016-12-15,배추,8800
2016-12-14,배추,8800
2016-12-13,배추,9000
2016-12-12,배추,9200
2016-12-09,배추,8800
2016-12-08,배추,9400
2016-12-07,배추,9400
2016-12-06,배추,10000
2016-12-05,배추,10200
2016-12-01,배추,10400
2016-11-30,배추,10200
2016-11-29,배추,10400
2016-11-28,배추,10400
2016-11-25,배추,10400
2016-11-24,배추,10400
2016-11-23,배추,10200
2016-11-22,배추,10000
2016-11-21,배추,10200
2016-11-18,배추,9800
2016-11-17,배추,8200
2016-11-16,배추,8000
2016-11-15,배추,7400
2016-11-14,배추,7400
2016-11-11,배추,7400
2016-11-10,배추,7200
2016-11-09,배추,7400
2016-11-08,배추,6800
2016-11-07,배추,6600
2016-11-04,배추,6900
2016-11-03,배추,7000
2016-11-02,배추,7000
2016-11-01,배추,7100
2016-10-31,배추,7400
2016-10-28,배추,7400
2016-10-27,배추,7400
2016-10-26,배추,8000
2016-10-25,배추,8000
2016-10-24,배추,8000
2016-10-21,배추,8800
2016-10-20,배추,8800
2016-10-19,배추,9400
2016-10-18,배추,10000
2016-10-17,배추,10000
2016-10-14,배추,10000
2016-10-13,배추,9600
2016-10-12,배추,10400
2016-10-11,배추,11600
2016-10-10,배추,12600
2016-10-07,배추,14800
2016-10-06,배추,16000
2016-10-05,배추,16600
2016-10-04,배추,17800
2016-09-30,배추,18600
2016-09-29,배추,18600
2016-09-28,배추,19600
2016-09-27,배추,19800
2016-09-26,배추,19800
2016-09-23,배추,19600
2016-09-22,배추,20000
2016-09-21,배추,20400
2016-09-20,배추,20200
2016-09-19,배추,19800
2016-09-13,배추,23000
2016-09-12,배추,21000
2016-09-09,배추,21400
2016-09-08,배추,23000
2016-09-07,배추,22200
2016-09-06,배추,22600
2016-09-05,배추,23000
2016-09-02,배추,23400
2016-09-01,배추,23800
2016-08-31,배추,23000
2016-08-30,배추,21600
2016-08-29,배추,20000
2016-08-26,배추,19200
2016-08-25,배추,18400
2016-08-24,배추,18200
2016-08-23,배추,18200
2016-08-22,배추,17800
2016-08-19,배추,15600
2016-08-18,배추,15200
2016-08-17,배추,15200
2016-08-16,배추,13800
2016-08-12,배추,13400
2016-08-11,배추,13200
2016-08-10,배추,12800
2016-08-09,배추,11800
2016-08-08,배추,11200
2016-08-05,배추,11800
2016-08-04,배추,11200
2016-08-03,배추,11600
2016-08-02,배추,11400
2016-08-01,배추,10600
2016-07-29,배추,8300
2016-07-28,배추,8100
2016-07-27,배추,7800
2016-07-26,배추,7800
2016-07-25,배추,7700
2016-07-22,배추,7700
2016-07-21,배추,7600
2016-07-20,배추,7900
2016-07-19,배추,8200
2016-07-18,배추,8400
2016-07-15,배추,8400
2016-07-14,배추,8400
2016-07-13,배추,8400
2016-07-12,배추,7400
2016-07-11,배추,7000
2016-07-08,배추,7200
2016-07-07,배추,7200
2016-07-06,배추,6500
2016-07-05,배추,6200
2016-07-04,배추,5700
2016-07-01,배추,5700
2016-06-30,배추,5700
2016-06-29,배추,5700
2016-06-28,배추,6200
2016-06-27,배추,6400
2016-06-24,배추,6600
2016-06-23,배추,6500
2016-06-22,배추,6100
2016-06-21,배추,6500
2016-06-20,배추,6000
2016-06-17,배추,5400
2016-06-16,배추,5000
2016-06-15,배추,5000
2016-06-14,배추,5600
2016-06-13,배추,5800
2016-06-10,배추,5600
2016-06-09,배추,6500
2016-06-08,배추,6800
2016-06-07,배추,7000
2016-06-03,배추,7400
2016-06-02,배추,7600
2016-06-01,배추,7800
2016-05-31,배추,8200
2016-05-30,배추,8800
2016-05-27,배추,10600
2016-05-26,배추,11000
2016-05-25,배추,11400
2016-05-24,배추,11400
2016-05-23,배추,11400
2016-05-20,배추,12000
2016-05-19,배추,11800
2016-05-18,배추,11600
2016-05-17,배추,12200
2016-05-16,배추,12000
2016-05-13,배추,10800
2016-05-12,배추,11000
2016-05-11,배추,11400
2016-05-10,배추,11400
2016-05-09,배추,11400
2016-05-04,배추,12600
2016-05-03,배추,13600
2016-05-02,배추,14000
2016-04-29,배추,15100
2016-04-28,배추,15200
2016-04-27,배추,14600
2016-04-26,배추,15200
2016-04-25,배추,15200
2016-04-22,배추,15000
2016-04-21,배추,14889
2016-04-20,배추,14800
2016-04-19,배추,14800
2016-04-18,배추,15200
2016-04-15,배추,15000
2016-04-14,배추,15200
2016-04-12,배추,15400
2016-04-11,배추,15600
2016-04-08,배추,15600
2016-04-07,배추,15600
2016-04-06,배추,15200
2016-04-05,배추,15000
2016-04-04,배추,14600
2016-04-01,배추,14400
2016-03-31,배추,13200
2016-03-30,배추,13200
2016-03-29,배추,13200
2016-03-28,배추,13200
2016-03-25,배추,12200
2016-03-24,배추,12000
2016-03-23,배추,12200
2016-03-22,배추,12200
2016-03-21,배추,12000
2016-03-18,배추,12000
2016-03-17,배추,11800
2016-03-16,배추,11800
2016-03-15,배추,11600
2016-03-14,배추,11600
2016-03-11,배추,11800
2016-03-10,배추,11800
2016-03-09,배추,11800
2016-03-08,배추,11800
2016-03-07,배추,11600
2016-03-04,배추,11000
2016-03-03,배추,11000
2016-03-02,배추,11100
2016-02-29,배추,10000
2016-02-26,배추,9800
2016-02-25,배추,9200
2016-02-24,배추,9600
2016-02-23,배추,9400
2016-02-22,배추,8800
2016-02-19,배추,9000
2016-02-18,배추,8800
2016-02-17,배추,8400
2016-02-16,배추,8000
2016-02-15,배추,7600
2016-02-12,배추,7000
2016-02-11,배추,7000
2016-02-05,배추,7200
2016-02-04,배추,7100
2016-02-03,배추,7100
2016-02-02,배추,7000
2016-02-01,배추,7100
2016-01-29,배추,7600
2016-01-28,배추,7400
2016-01-27,배추,7400
2016-01-26,배추,6700
2016-01-25,배추,6900
2016-01-22,배추,6300
2016-01-21,배추,5800
2016-01-20,배추,5700
2016-01-19,배추,5300
2016-01-18,배추,5100
2016-01-15,배추,4800
2016-01-14,배추,4800
2016-01-13,배추,4700
2016-01-12,배추,4700
2016-01-11,배추,4700
2016-01-08,배추,4550
2016-01-07,배추,4550
2016-01-06,배추,4500
2016-01-05,배추,4500
2016-01-04,배추,4400
2015-12-31,배추,4300
2015-12-30,배추,4300
2015-12-29,배추,4300
2015-12-28,배추,4300
2015-12-24,배추,4100
2015-12-23,배추,4100
2015-12-22,배추,4200
2015-12-21,배추,4100
2015-12-18,배추,4200
2015-12-17,배추,4200
2015-12-16,배추,4200
2015-12-15,배추,4200
2015-12-14,배추,4000
2015-12-11,배추,4000
2015-12-10,배추,4400
2015-12-09,배추,4400
2015-12-08,배추,4400
2015-12-07,배추,4400
2015-12-03,배추,4900
2015-12-02,배추,4900
2015-12-01,배추,5100
2015-11-30,배추,5300
2015-11-27,배추,5500
2015-11-26,배추,5200
2015-11-25,배추,5200
2015-11-24,배추,5100
2015-11-23,배추,5100
2015-11-20,배추,5100
2015-11-19,배추,4300
2015-11-18,배추,4100
2015-11-17,배추,4200
2015-11-16,배추,4000
2015-11-13,배추,4300
2015-11-12,배추,4100
2015-11-11,배추,4300
2015-11-10,배추,4100
2015-11-09,배추,4050
2015-11-06,배추,3900
2015-11-05,배추,3900
2015-11-04,배추,3900
2015-11-03,배추,3850
2015-11-02,배추,3850
2015-10-30,배추,3800
2015-10-29,배추,3900
2015-10-28,배추,3900
2015-10-27,배추,3900
2015-10-26,배추,3900
2015-10-23,배추,3900
2015-10-22,배추,3900
2015-10-21,배추,3900
2015-10-20,배추,3900
2015-10-19,배추,4000
2015-10-16,배추,4000
2015-10-15,배추,4000
2015-10-14,배추,4200
2015-10-13,배추,4500
2015-10-12,배추,4600
2015-10-08,배추,4900
2015-10-07,배추,4900
2015-10-06,배추,5200
2015-10-05,배추,5200
2015-10-02,배추,6100
2015-10-01,배추,6300
2015-09-30,배추,6600
2015-09-25,배추,6600
2015-09-24,배추,7000
2015-09-23,배추,6400
2015-09-22,배추,6100
2015-09-21,배추,5800
2015-09-18,배추,6000
2015-09-17,배추,5900
2015-09-16,배추,5800
2015-09-15,배추,5800
2015-09-14,배추,5800
2015-09-11,배추,5800
2015-09-10,배추,5900
2015-09-09,배추,5900
2015-09-08,배추,6000
2015-09-07,배추,6100
2015-09-04,배추,5800
2015-09-03,배추,5700
2015-09-02,배추,6600
2015-09-01,배추,6600
2015-08-31,배추,6800
2015-08-28,배추,6800
2015-08-27,배추,7100
2015-08-26,배추,7400
2015-08-25,배추,6900
2015-08-24,배추,6900
2015-08-21,배추,6900
2015-08-20,배추,6900
2015-08-19,배추,6800
2015-08-18,배추,7000
2015-08-17,배추,7500
2015-08-13,배추,7056
2015-08-12,배추,6900
2015-08-11,배추,6900
2015-08-10,배추,6550
2015-08-07,배추,6100
2015-08-06,배추,5800
2015-08-05,배추,5700
2015-08-04,배추,5700
2015-08-03,배추,5700
2015-07-31,배추,5700
2015-07-30,배추,5700
2015-07-29,배추,5700
2015-07-28,배추,5700
2015-07-27,배추,5800
2015-07-24,배추,5800
2015-07-23,배추,5900
2015-07-22,배추,5900
2015-07-21,배추,6100
2015-07-20,배추,6300
2015-07-17,배추,6300
2015-07-16,배추,6400
2015-07-15,배추,7000
2015-07-14,배추,7000
2015-07-13,배추,7000
2015-07-10,배추,7000
2015-07-09,배추,7000
2015-07-08,배추,7000
2015-07-07,배추,7000
2015-07-06,배추,7000
2015-07-03,배추,7000
2015-07-02,배추,7000
2015-07-01,배추,7000
2015-06-30,배추,7000
2015-06-29,배추,7000
2015-06-26,배추,7000
2015-06-25,배추,7000
2015-06-24,배추,7000
2015-06-23,배추,6900
2015-06-22,배추,6800
2015-06-19,배추,6700
2015-06-18,배추,6700
2015-06-17,배추,7100
2015-06-16,배추,7100
2015-06-15,배추,7600
2015-06-12,배추,8000
2015-06-11,배추,8100
2015-06-10,배추,7600
2015-06-09,배추,7500
2015-06-08,배추,7400
2015-06-05,배추,7600
2015-06-04,배추,7600
2015-06-03,배추,8600
2015-06-02,배추,9000
2015-06-01,배추,9000
2015-05-29,배추,10500
2015-05-28,배추,10800
2015-05-27,배추,11000
2015-05-26,배추,11100
2015-05-22,배추,11100
2015-05-21,배추,11300
2015-05-20,배추,11100
2015-05-19,배추,11100
2015-05-18,배추,10700
2015-05-15,배추,7350
2015-05-14,배추,7350
2015-05-13,배추,7350
2015-05-12,배추,7350
2015-05-11,배추,7100
2015-05-08,배추,6900
2015-05-07,배추,6900
2015-05-06,배추,6700
2015-05-04,배추,5900
2015-04-30,배추,5500
2015-04-29,배추,5400
2015-04-28,배추,5300
2015-04-27,배추,5300
2015-04-24,배추,5100
2015-04-23,배추,5100
2015-04-22,배추,4900
2015-04-21,배추,4900
2015-04-20,배추,4800
2015-04-17,배추,4800
2015-04-16,배추,4800
2015-04-15,배추,4800
2015-04-14,배추,4800
2015-04-13,배추,4800
2015-04-10,배추,4800
2015-04-09,배추,4800
2015-04-08,배추,5000
2015-04-07,배추,5000
2015-04-06,배추,5000
2015-04-03,배추,5000
2015-04-02,배추,5000
2015-04-01,배추,4900
2015-03-31,배추,5000
2015-03-30,배추,5000
2015-03-27,배추,5100
2015-03-26,배추,5100
2015-03-25,배추,5100
2015-03-24,배추,5100
2015-03-23,배추,5100
2015-03-20,배추,4900
2015-03-19,배추,5000
2015-03-18,배추,4900
2015-03-17,배추,4800
2015-03-16,배추,4800
2015-03-13,배추,4800
2015-03-12,배추,4800
2015-03-11,배추,4700
2015-03-10,배추,4700
2015-03-09,배추,4700
2015-03-06,배추,4700
2015-03-05,배추,4700
2015-03-04,배추,4700
2015-03-03,배추,4500
2015-03-02,배추,4500
2015-02-27,배추,4400
2015-02-26,배추,4400
2015-02-25,배추,4400
2015-02-24,배추,4100
2015-02-23,배추,4100
2015-02-17,배추,4400
2015-02-16,배추,4400
2015-02-13,배추,4400
2015-02-12,배추,4400
2015-02-11,배추,4100
2015-02-10,배추,4000
2015-02-09,배추,4000
2015-02-06,배추,3900
2015-02-05,배추,3900
2015-02-04,배추,3900
2015-02-03,배추,3900
2015-02-02,배추,3900
2015-01-30,배추,3800
2015-01-29,배추,3800
2015-01-28,배추,3800
2015-01-27,배추,3800
2015-01-26,배추,3800
2015-01-23,배추,3800
2015-01-22,배추,3800
2015-01-21,배추,3800
2015-01-20,배추,3800
2015-01-19,배추,3800
2015-01-16,배추,3800
2015-01-15,배추,3800
2015-01-14,배추,3800
2015-01-13,배추,3800
2015-01-12,배추,3800
2015-01-09,배추,3800
2015-01-08,배추,3800
2015-01-07,배추,3800
2015-01-06,배추,3800
2015-01-05,배추,3800
2015-01-02,배추,3800
2014-12-31,배추,3800
2014-12-30,배추,3800
2014-12-29,배추,3800
2014-12-26,배추,3800
2014-12-24,배추,3800
2014-12-23,배추,3800
2014-12-22,배추,3800
2014-12-19,배추,3800
2014-12-18,배추,3800
2014-12-17,배추,3800
2014-12-16,배추,3800
2014-12-15,배추,3800
2014-12-12,배추,3800
2014-12-11,배추,3900
2014-12-10,배추,3900
2014-12-09,배추,3900
2014-12-08,배추,3900
2014-12-05,배추,3900
2014-12-04,배추,3900
2014-12-03,배추,3900
2014-12-02,배추,3900
2014-11-28,배추,3900
2014-11-27,배추,3900
2014-11-26,배추,4000
2014-11-25,배추,4060
2014-11-24,배추,4260
2014-11-21,배추,4260
2014-11-20,배추,4260
2014-11-19,배추,4300
2014-11-18,배추,4300
2014-11-17,배추,4300
2014-11-14,배추,4300
2014-11-13,배추,4200
2014-11-12,배추,4200
2014-11-11,배추,4200
2014-11-10,배추,4200
2014-11-07,배추,4200
2014-11-06,배추,4200
2014-11-05,배추,4200
2014-11-04,배추,4100
2014-11-03,배추,4100
2014-10-31,배추,4060
2014-10-30,배추,4060
2014-10-29,배추,4080
2014-10-28,배추,4200
2014-10-27,배추,4800
2014-10-24,배추,4800
2014-10-23,배추,4800
2014-10-22,배추,4800
2014-10-21,배추,4800
2014-10-20,배추,4800
2014-10-17,배추,4800
2014-10-16,배추,4840
2014-10-15,배추,4840
2014-10-14,배추,4900
2014-10-13,배추,4900
2014-10-10,배추,5000
2014-10-08,배추,5100
2014-10-07,배추,5400
2014-10-06,배추,6200
2014-10-02,배추,6500
2014-10-01,배추,6700
2014-09-30,배추,6740
2014-09-29,배추,6900
2014-09-26,배추,7600
2014-09-25,배추,7600
2014-09-24,배추,7600
2014-09-23,배추,7600
2014-09-22,배추,7600
2014-09-19,배추,7900
2014-09-18,배추,7900
2014-09-17,배추,7900
2014-09-15,배추,8400
2014-09-12,배추,8800
2014-09-11,배추,8800
2014-09-05,배추,9200
2014-09-04,배추,9600
2014-09-03,배추,8560
2014-09-02,배추,8060
2014-09-01,배추,8000
2014-08-29,배추,7800
2014-08-28,배추,7800
2014-08-27,배추,7800
2014-08-26,배추,7800
2014-08-25,배추,7800
2014-08-22,배추,7800
2014-08-21,배추,7800
2014-08-20,배추,7800
2014-08-19,배추,7500
2014-08-18,배추,7500
2014-08-14,배추,7500
2014-08-13,배추,7500
2014-08-12,배추,7600
2014-08-11,배추,8000
2014-08-08,배추,8000
2014-08-07,배추,8100
2014-08-06,배추,7300
2014-08-05,배추,7300
2014-08-04,배추,7300
2014-07-31,배추,7250
2014-07-30,배추,7250
2014-07-29,배추,7250
2014-07-28,배추,7250
2014-07-25,배추,7250
2014-07-24,배추,6500
2014-07-23,배추,6500
2014-07-22,배추,6500
2014-07-21,배추,5760
2014-07-18,배추,5660
2014-07-17,배추,5300
2014-07-16,배추,5300
2014-07-15,배추,5300
2014-07-14,배추,5500
2014-07-11,배추,5600
2014-07-10,배추,5600
2014-07-09,배추,5600
2014-07-08,배추,5600
2014-07-07,배추,5600
2014-07-04,배추,5600
2014-07-03,배추,5500
2014-07-02,배추,5280
2014-07-01,배추,5280
2014-06-30,배추,5280
2014-06-27,배추,5080
2014-06-26,배추,5080
2014-06-25,배추,4480
2014-06-24,배추,4480
2014-06-23,배추,4440
2014-06-20,배추,4440
2014-06-19,배추,4340
2014-06-18,배추,4300
2014-06-17,배추,3600
2014-06-16,배추,3400
2014-06-13,배추,3200
2014-06-12,배추,3200
2014-06-11,배추,3200
2014-06-10,배추,3200
2014-06-09,배추,3100
2014-06-05,배추,3100
2014-06-03,배추,3160
2014-06-02,배추,3160
2014-05-30,배추,3210
2014-05-29,배추,3210
2014-05-28,배추,3260
2014-05-27,배추,3260
2014-05-26,배추,3280
2014-05-23,배추,3280
2014-05-22,배추,3280
2014-05-21,배추,3430
2014-05-20,배추,3380
2014-05-19,배추,3380
2014-05-16,배추,3350
2014-05-15,배추,3500
2014-05-14,배추,3500
2014-05-13,배추,3500
2014-05-12,배추,3500
2014-05-09,배추,3500
2014-05-08,배추,3400
2014-05-07,배추,3400
2014-05-02,배추,3400
2014-04-30,배추,3400
2014-04-29,배추,3300
2014-04-28,배추,3300
2014-04-25,배추,3600
2014-04-24,배추,3600
2014-04-23,배추,3600
2014-04-22,배추,3600
2014-04-21,배추,3600
2014-04-18,배추,3600
2014-04-17,배추,3600
2014-04-16,배추,3600
2014-04-15,배추,3600
2014-04-14,배추,3600
2014-04-11,배추,3600
2014-04-10,배추,3600
2014-04-09,배추,3600
2014-04-08,배추,3600
2014-04-07,배추,3600
2014-04-04,배추,3600
2014-04-03,배추,3600
2014-04-02,배추,3600
2014-04-01,배추,3600
2014-03-31,배추,3600
2014-03-28,배추,3600
2014-03-27,배추,3600
2014-03-26,배추,3600
2014-03-25,배추,3600
2014-03-24,배추,3600
2014-03-21,배추,3600
2014-03-20,배추,3600
2014-03-19,배추,3600
2014-03-18,배추,3600
2014-03-17,배추,3600
2014-03-14,배추,3600
2014-03-13,배추,3600
2014-03-12,배추,3600
2014-03-11,배추,3600
2014-03-10,배추,3600
2014-03-07,배추,3600
2014-03-06,배추,3620
2014-03-05,배추,3620
2014-03-04,배추,3620
2014-03-03,배추,3620
2014-02-28,배추,3620
2014-02-27,배추,3620
2014-02-26,배추,3720
2014-02-25,배추,3960
2014-02-24,배추,3960
2014-02-21,배추,4000
2014-02-20,배추,4000
2014-02-19,배추,4000
2014-02-18,배추,4100
2014-02-17,배추,4100
2014-02-14,배추,4100
2014-02-13,배추,4100
2014-02-12,배추,4100
2014-02-11,배추,4200
2014-02-10,배추,4300
2014-02-07,배추,4300
2014-02-06,배추,4300
2014-02-05,배추,4300
2014-02-04,배추,4400
2014-02-03,배추,4300
2014-01-29,배추,4300
2014-01-28,배추,4500
2014-01-27,배추,4500
2014-01-24,배추,4500
2014-01-23,배추,4500
2014-01-22,배추,4600
2014-01-21,배추,4600
2014-01-20,배추,4700
2014-01-17,배추,4700
2014-01-16,배추,4800
2014-01-15,배추,4800
2014-01-14,배추,4800
2014-01-13,배추,4800
2014-01-10,배추,4650
2014-01-09,배추,4650
2014-01-08,배추,4650
2014-01-07,배추,4650
2014-01-06,배추,4650
2014-01-03,배추,4500
2014-01-02,배추,4600
2013-12-31,배추,4600
2013-12-30,배추,4400
2013-12-27,배추,4400
2013-12-26,배추,4400
2013-12-24,배추,4400
2013-12-23,배추,4400
2013-12-20,배추,4400
2013-12-19,배추,4400
2013-12-18,배추,4400
2013-12-17,배추,4400
2013-12-16,배추,4600
2013-12-13,배추,4600
2013-12-12,배추,4900
2013-12-11,배추,5000
2013-12-10,배추,5100
2013-12-09,배추,5600
2013-12-06,배추,6000
2013-12-05,배추,6100
2013-12-04,배추,6100
2013-12-03,배추,6400
2013-12-02,배추,6900
2013-11-29,배추,7100
2013-11-28,배추,7000
2013-11-27,배추,6500
2013-11-26,배추,6400
2013-11-25,배추,6500
2013-11-22,배추,6600
2013-11-21,배추,6400
2013-11-20,배추,6300
2013-11-19,배추,6000
2013-11-18,배추,6000
2013-11-15,배추,5600
2013-11-14,배추,5400
2013-11-13,배추,5200
2013-11-12,배추,5200
2013-11-11,배추,5200
2013-11-08,배추,4650
2013-11-07,배추,4250
2013-11-06,배추,4250
2013-11-05,배추,4250
2013-11-04,배추,4250
2013-11-01,배추,4250
2013-10-31,배추,4450
2013-10-30,배추,4450
2013-10-29,배추,4450
2013-10-28,배추,4900
2013-10-25,배추,4900
2013-10-24,배추,5000
2013-10-23,배추,5000
2013-10-22,배추,5000
2013-10-21,배추,5000
2013-10-18,배추,5000
2013-10-17,배추,5000
2013-10-16,배추,5400
2013-10-15,배추,5600
2013-10-14,배추,5600
2013-10-11,배추,6000
2013-10-10,배추,5900
2013-10-08,배추,6600
2013-10-07,배추,6600
2013-10-04,배추,7700
2013-10-02,배추,7800
2013-10-01,배추,8000
2013-09-30,배추,8800
2013-09-27,배추,8800
2013-09-26,배추,9400
2013-09-25,배추,10500
2013-09-24,배추,10700
2013-09-23,배추,11800
2013-09-17,배추,13300
2013-09-16,배추,13300
2013-09-13,배추,13200
2013-09-12,배추,13600
2013-09-11,배추,13800
2013-09-10,배추,14200
2013-09-09,배추,13400
2013-09-06,배추,13400
2013-09-05,배추,13400
2013-09-04,배추,14600
2013-09-03,배추,14600
2013-09-02,배추,14400
2013-08-30,배추,15600
2013-08-29,배추,15600
2013-08-28,배추,16200
2013-08-27,배추,16400
2013-08-26,배추,16400
2013-08-23,배추,15700
2013-08-22,배추,15200
2013-08-21,배추,15200
2013-08-20,배추,14800
2013-08-19,배추,14800
2013-08-16,배추,12600
2013-08-14,배추,12400
2013-08-13,배추,12000
2013-08-12,배추,11800
2013-08-09,배추,12200
2013-08-08,배추,11800
2013-08-07,배추,11200
2013-08-06,배추,11000
2013-08-05,배추,11200
2013-08-02,배추,9900
2013-08-01,배추,9900
2013-07-31,배추,9600
2013-07-30,배추,9600
2013-07-29,배추,8800
2013-07-26,배추,7600
2013-07-25,배추,7700
2013-07-24,배추,7300
2013-07-23,배추,7200
2013-07-22,배추,6400
2013-07-19,배추,6000
2013-07-18,배추,6200
2013-07-17,배추,5700
2013-07-16,배추,5900
2013-07-15,배추,5100
2013-07-12,배추,4800
2013-07-11,배추,4800
2013-07-10,배추,4900
2013-07-09,배추,4900
2013-07-08,배추,5000
2013-07-05,배추,5400
2013-07-04,배추,5600
2013-07-03,배추,5600
2013-07-02,배추,5500
2013-07-01,배추,5000
2013-06-28,배추,4800
2013-06-27,배추,4800
2013-06-26,배추,4800
2013-06-25,배추,5000
2013-06-24,배추,5200
2013-06-21,배추,5700
2013-06-20,배추,5800
2013-06-19,배추,6200
2013-06-18,배추,5600
2013-06-17,배추,5300
2013-06-14,배추,5500
2013-06-13,배추,5500
2013-06-12,배추,5200
2013-06-11,배추,5200
2013-06-10,배추,5100
2013-06-07,배추,5100
2013-06-05,배추,5100
2013-06-04,배추,5100
2013-06-03,배추,5500
2013-05-31,배추,5600
2013-05-30,배추,5600
2013-05-29,배추,6100
2013-05-28,배추,5600
2013-05-27,배추,5300
2013-05-24,배추,5200
2013-05-23,배추,5900
2013-05-22,배추,5900
2013-05-21,배추,7300
2013-05-20,배추,7500
2013-05-16,배추,7500
2013-05-15,배추,7900
2013-05-14,배추,8200
2013-05-13,배추,8000
2013-05-10,배추,7500
2013-05-09,배추,7300
2013-05-08,배추,7500
2013-05-07,배추,7800
2013-05-06,배추,7800
2013-05-03,배추,8100
2013-05-02,배추,8100
2013-04-30,배추,10150
2013-04-29,배추,10250
2013-04-26,배추,10250
2013-04-25,배추,10300
2013-04-24,배추,10300
2013-04-23,배추,10250
2013-04-22,배추,10150
2013-04-19,배추,10100
2013-04-18,배추,11200
2013-04-17,배추,11400
2013-04-16,배추,11400
2013-04-15,배추,11400
2013-04-12,배추,12000
2013-04-11,배추,12000
2013-04-10,배추,12000
2013-04-09,배추,12000
2013-04-08,배추,12000
2013-04-05,배추,12000
2013-04-04,배추,12000
2013-04-03,배추,12000
2013-04-02,배추,12400
2013-04-01,배추,11800
2013-03-29,배추,12000
2013-03-28,배추,12000
2013-03-27,배추,12000
2013-03-26,배추,12200
2013-03-25,배추,12200
2013-03-22,배추,12400
2013-03-21,배추,12200
2013-03-20,배추,12400
2013-03-19,배추,12400
2013-03-18,배추,12600
2013-03-15,배추,12800
2013-03-14,배추,12600
2013-03-13,배추,12400
2013-03-12,배추,12400
2013-03-11,배추,12400
2013-03-08,배추,12400
2013-03-07,배추,12600
2013-03-06,배추,12800
2013-03-05,배추,12600
2013-03-04,배추,12600
2013-02-28,배추,12400
2013-02-27,배추,12400
2013-02-26,배추,12800
2013-02-25,배추,12800
2013-02-22,배추,12800
2013-02-21,배추,12800
2013-02-20,배추,12800
2013-02-19,배추,12600
2013-02-18,배추,12600
2013-02-15,배추,12600
2013-02-14,배추,12600
2013-02-13,배추,12400
2013-02-12,배추,12000
2013-02-08,배추,12000
2013-02-07,배추,12000
2013-02-06,배추,11800
2013-02-05,배추,11800
2013-02-04,배추,11800
2013-02-01,배추,11800
2013-01-31,배추,11800
2013-01-30,배추,11600
2013-01-29,배추,11600
2013-01-28,배추,11600
2013-01-25,배추,11600
2013-01-24,배추,11600
2013-01-23,배추,11800
2013-01-22,배추,12000
2013-01-21,배추,12000
2013-01-18,배추,12000
2013-01-17,배추,12200
2013-01-16,배추,12200
2013-01-15,배추,12400
2013-01-14,배추,12200
2013-01-11,배추,12800
2013-01-10,배추,12800
2013-01-09,배추,12800
2013-01-08,배추,12800
2013-01-07,배추,12400
2013-01-04,배추,12400
2013-01-03,배추,13000
2013-01-02,배추,12400
2012-12-31,배추,12200
2012-12-28,배추,11200
2012-12-27,배추,10900
2012-12-26,배추,10900
2012-12-24,배추,11300
2012-12-21,배추,10800
2012-12-20,배추,10800
2012-12-18,배추,11200
2012-12-17,배추,11200
2012-12-14,배추,11300
2012-12-13,배추,11100
2012-12-12,배추,11300
2012-12-11,배추,11300
2012-12-10,배추,11300
2012-12-07,배추,10600
2012-12-06,배추,10200
2012-12-05,배추,9300
2012-12-04,배추,9300
2012-12-03,배추,9300
2012-11-30,배추,9200
2012-11-29,배추,9000
2012-11-28,배추,9000
2012-11-27,배추,9000
2012-11-26,배추,8800
2012-11-23,배추,8300
2012-11-22,배추,8100
2012-11-21,배추,8000
2012-11-20,배추,8000
2012-11-19,배추,8100
2012-11-16,배추,7700
2012-11-15,배추,7300
2012-11-14,배추,7300
2012-11-13,배추,7300
2012-11-12,배추,7700
2012-11-09,배추,7700
2012-11-08,배추,7000
2012-11-07,배추,7100
2012-11-06,배추,7200
2012-11-05,배추,7200
2012-11-02,배추,7400
2012-11-01,배추,7400
2012-10-31,배추,7400
2012-10-30,배추,7400
2012-10-29,배추,7800
2012-10-26,배추,8000
2012-10-25,배추,8000
2012-10-24,배추,8000
2012-10-23,배추,8500
2012-10-22,배추,8500
2012-10-19,배추,9200
2012-10-18,배추,9200
2012-10-17,배추,9200
2012-10-16,배추,9800
2012-10-15,배추,10200
2012-10-12,배추,10400
2012-10-11,배추,10400
2012-10-10,배추,11000
2012-10-09,배추,12000
2012-10-08,배추,13200
2012-10-05,배추,13600
2012-10-04,배추,13200
2012-10-02,배추,14000
2012-09-28,배추,14000
2012-09-27,배추,14000
2012-09-26,배추,14000
2012-09-25,배추,14200
2012-09-24,배추,14400
2012-09-21,배추,14200
2012-09-20,배추,14000
2012-09-19,배추,13800
2012-09-18,배추,13600
2012-09-17,배추,13200
2012-09-14,배추,12200
2012-09-13,배추,11900
2012-09-12,배추,11900
2012-09-11,배추,12000
2012-09-10,배추,11800
2012-09-07,배추,11600
2012-09-06,배추,11200
2012-09-05,배추,11400
2012-09-04,배추,11400
2012-09-03,배추,11000
2012-08-31,배추,10200
2012-08-30,배추,10400
2012-08-29,배추,10400
2012-08-28,배추,10200
2012-08-27,배추,9600
2012-08-24,배추,9500
2012-08-23,배추,9500
2012-08-22,배추,9500
2012-08-21,배추,9500
2012-08-20,배추,9500
2012-08-17,배추,9900
2012-08-16,배추,9900
2012-08-14,배추,9300
2012-08-13,배추,9700
2012-08-10,배추,8200
2012-08-09,배추,7900
2012-08-08,배추,8100
2012-08-07,배추,7800
2012-08-06,배추,7800
2012-08-03,배추,7300
2012-08-02,배추,7100
2012-08-01,배추,7100
2012-07-31,배추,7600
2012-07-30,배추,7600
2012-07-27,배추,7600
2012-07-26,배추,7200
2012-07-25,배추,7200
2012-07-24,배추,7000
2012-07-23,배추,7100
2012-07-20,배추,7200
2012-07-19,배추,7400
2012-07-18,배추,7400
2012-07-17,배추,7500
2012-07-16,배추,7500
2012-07-13,배추,7600
2012-07-12,배추,8000
2012-07-11,배추,8000
2012-07-10,배추,8000
2012-07-09,배추,8600
2012-07-06,배추,9000
2012-07-05,배추,9200
2012-07-04,배추,9400
2012-07-03,배추,9800
2012-07-02,배추,8900
2012-06-29,배추,8000
2012-06-28,배추,8100
2012-06-27,배추,6800
2012-06-26,배추,5700
2012-06-25,배추,5220
2012-06-22,배추,4200
2012-06-21,배추,4200
2012-06-20,배추,4200
2012-06-19,배추,4200
2012-06-18,배추,3920
2012-06-15,배추,3920
2012-06-14,배추,4000
2012-06-13,배추,4000
2012-06-12,배추,4000
2012-06-11,배추,4300
2012-06-08,배추,4800
2012-06-07,배추,4500
2012-06-05,배추,4700
2012-06-04,배추,4800
2012-06-01,배추,4800
2012-05-31,배추,4800
2012-05-30,배추,4800
2012-05-29,배추,4900
2012-05-25,배추,5100
2012-05-24,배추,5100
2012-05-23,배추,5400
2012-05-22,배추,5700
2012-05-21,배추,5800
2012-05-18,배추,6300
2012-05-17,배추,6300
2012-05-16,배추,6300
2012-05-15,배추,6300
2012-05-14,배추,6300
2012-05-11,배추,6400
2012-05-10,배추,9650
2012-05-09,배추,9800
2012-05-08,배추,10000
2012-05-07,배추,10100
2012-05-04,배추,10700
2012-05-03,배추,11150
2012-05-02,배추,11600
2012-04-30,배추,12200
2012-04-27,배추,12650
2012-04-26,배추,12600
2012-04-25,배추,12600
2012-04-24,배추,12600
2012-04-23,배추,12600
2012-04-20,배추,12550
2012-04-19,배추,12550
2012-04-18,배추,12550
2012-04-17,배추,12600
2012-04-16,배추,12500
2012-04-13,배추,12500
2012-04-12,배추,12400
2012-04-10,배추,12300
2012-04-09,배추,11800
2012-04-06,배추,11600
2012-04-05,배추,11200
2012-04-04,배추,11200
2012-04-03,배추,11000
2012-04-02,배추,10800
2012-03-30,배추,10100
2012-03-29,배추,10100
2012-03-28,배추,10100
2012-03-27,배추,10100
2012-03-26,배추,9900
2012-03-23,배추,10000
2012-03-22,배추,9800
2012-03-21,배추,9800
2012-03-20,배추,8940
2012-03-19,배추,8940
2012-03-16,배추,8940
2012-03-15,배추,8940
2012-03-14,배추,9140
2012-03-13,배추,8640
2012-03-12,배추,8800
2012-03-09,배추,9100
2012-03-08,배추,9400
2012-03-07,배추,8900
2012-03-06,배추,8400
2012-03-05,배추,7800
2012-03-02,배추,7560
2012-02-29,배추,7100
2012-02-28,배추,7100
2012-02-27,배추,6900
2012-02-24,배추,6700
2012-02-23,배추,6300
2012-02-22,배추,6300
2012-02-21,배추,5700
2012-02-20,배추,5500
2012-02-17,배추,5200
2012-02-16,배추,4900
2012-02-15,배추,4800
2012-02-14,배추,4800
2012-02-13,배추,4900
2012-02-10,배추,4900
2012-02-09,배추,4900
2012-02-08,배추,4800
2012-02-07,배추,4100
2012-02-06,배추,4100
2012-02-03,배추,3840
2012-02-02,배추,3740
2012-02-01,배추,3560
2012-01-31,배추,3600
2012-01-30,배추,3500
2012-01-27,배추,3700
2012-01-26,배추,3500
2012-01-25,배추,3200
2012-01-20,배추,3200
2012-01-19,배추,3200
2012-01-18,배추,3200
2012-01-17,배추,3200
2012-01-16,배추,3700
2012-01-13,배추,3800
2012-01-12,배추,3800
2012-01-11,배추,3800
2012-01-10,배추,3800
2012-01-09,배추,3800
2012-01-06,배추,3800
2012-01-05,배추,3800
2012-01-04,배추,3200
2012-01-03,배추,3100
2012-01-02,배추,3100
