ymd,price,dayAvgTa,dayMaxTa,dayMinTa,daySumRn,dayAvgWs,dayAvgRhm,daySumSs,price_t1,price_t2,price_t3,price_t4,price_t5,pred
2023-05-22,8670,0.3342725206126645,0.27788847021816576,0.42808650943823134,-0.22332134037524862,-1.6379967654922631,0.1634015547177867,-1.5404152027780167,8670.0,8670.0,8670.0,8670.0,8670.0,8448.635488215028
2023-05-23,8676,0.4099350984724019,0.5623661219527502,0.2285390587371517,-0.3931749923388714,-1.0318918044541043,-0.2970666821027108,0.10588929154305268,8670.0,8670.0,8670.0,8670.0,8670.0,8228.755498354121
2023-05-24,8350,0.48980115287990234,0.6472848239630739,0.23253000775117338,-0.3931749923388714,-1.6986072615960792,-0.45156589314116663,-0.7411224410424249,8676.0,8670.0,8670.0,8670.0,8670.0,8509.760675724414
2023-05-25,7544,0.649533261694904,0.7109738504708168,0.4919416936625769,-0.3931749923388714,-1.3349442849731838,-1.0029160188078152,-0.4548086159431085,8350.0,8676.0,8670.0,8670.0,8670.0,8569.219334354859
2023-05-26,7428,0.7083819333635886,0.6600226292646225,0.6236430111252895,-0.3931749923388714,-1.5773862693884473,-0.3576546080001445,-0.86041986816714,7544.0,8350.0,8676.0,8670.0,8670.0,8213.227500643492
2023-05-30,9046,0.7293993161024045,0.5878417325558474,0.823190461826369,-0.1275064597803845,-0.7894498200388405,1.0086031209869903,-1.301820348528586,7428.0,7544.0,8350.0,8676.0,8670.0,7441.732086422652
2023-05-31,8726,0.7420097457456942,0.7619250716770107,0.6835072463356133,-0.375754104957987,-0.486397339519761,-0.2970666821027108,0.04624057798069505,9046.0,7428.0,7544.0,8350.0,8676.0,8553.394813969086
2023-06-01,8426,0.6579402147904302,0.583595797455331,0.695480093377678,0.1860695130755345,-1.3955547810769995,0.6450755656023872,-1.6597126299027316,8726.0,9046.0,7428.0,7544.0,8350.0,8632.981683523687
2023-06-02,8216,0.7462132222934573,0.7449413312749463,0.8311723598544124,-0.14928256900648995,-0.486397339519761,0.4723999767947005,-0.43094913051816547,8426.0,8726.0,9046.0,7428.0,7544.0,8538.674858662052
2023-06-05,7976,0.758823651936747,0.7322035259733977,0.7593352776020235,-0.3931749923388714,-0.6076183317273929,-0.3879485709488613,-0.6934034701925388,8216.0,8426.0,8726.0,9046.0,7428.0,8573.355341026438
2023-06-07,8246,0.7546201753889838,0.7406953961744298,0.7313986345038725,-0.3931749923388714,-0.7288393239350245,0.3360771435254734,-0.5263870722179377,7976.0,8216.0,8426.0,8726.0,9046.0,8300.365353256724
2023-06-08,8366,0.8260792767009582,0.812876292883205,0.8790637480226715,-0.3888197704936503,-0.6682288278312088,0.37242989906393403,-0.812700897317254,8246.0,7976.0,8216.0,8426.0,8726.0,8576.062195701319
2023-06-09,8292,0.9143522842039852,0.9784677618033364,0.8431452068964769,-0.2494526714465752,-1.2743337888693678,-0.1122735081155365,-0.02533787829413384,8366.0,8246.0,7976.0,8216.0,8426.0,9109.969558427487
2023-06-12,8122,0.758823651936747,0.7958925524811402,0.7792900226721317,-0.3931749923388714,-1.5773862693884473,0.21187189543573384,-0.8007711546047825,8292.0,8366.0,8246.0,7976.0,8216.0,9507.548956138735
2023-06-13,8102,0.758823651936747,0.7576791365764945,0.8072266657702826,-0.35397799573188155,-1.1531127966617358,0.03919630662804824,-0.5383168149304092,8122.0,8292.0,8366.0,8246.0,7976.0,9743.47538334328
2023-06-14,7662,0.674754120981483,0.7237116557723651,0.667543450279527,-0.2712287806726807,-1.2743337888693678,0.2058131028459906,-0.6576142420551242,8102.0,8122.0,8292.0,8366.0,8246.0,9649.086688898193
2023-06-15,8702,0.6579402147904302,0.6812523047672034,0.5957063680271383,-0.3496227738866604,-1.213723292765552,0.21187189543573384,-0.5383168149304092,7662.0,8102.0,8122.0,8292.0,8366.0,8603.75456518885
2023-06-16,8952,0.8891314249174058,1.0081893075069495,0.6874981953496349,-0.3931749923388714,-1.213723292765552,-0.2607139265642502,0.3206246603675399,8702.0,7662.0,8102.0,8122.0,8292.0,9252.490885778452
2023-06-19,8812,1.217002595642935,1.3478641155482445,0.9948012694292977,-0.3931749923388714,-0.36517634731212906,-0.3515958154104007,-0.03726762100660537,8952.0,8702.0,7662.0,8102.0,8122.0,9820.004277296852
2023-06-20,8956,0.9185557607517483,0.7619250716770107,1.0426926575975566,0.024926304802353874,0.059097125414581966,0.12099000658958387,-1.2660311203911718,8812.0,8952.0,8702.0,7662.0,8102.0,9403.179815299614
2023-06-21,9446,0.7336027926501676,0.42649619873623246,0.9987922184433192,0.7740244621803826,-0.9712813083502884,1.717481853986967,-1.9460264550020479,8956.0,8812.0,8952.0,8702.0,7662.0,9290.592966088496
2023-06-22,9406,0.872317518726353,0.7958925524811402,0.9948012694292977,-0.34091233019621825,-0.6076183317273929,0.7571632285126392,-0.9677875525793838,9446.0,8956.0,8812.0,8952.0,8702.0,9701.51606646932
2023-06-23,9378,1.0530670102801705,1.0718783340146925,1.0227379125274487,-0.3931749923388714,-1.3349442849731838,0.3209301620511158,-0.07305684914401994,9406.0,9446.0,8956.0,8812.0,8952.0,10174.840423343321
2023-06-26,9838,1.0404565806368808,0.7152197855713329,1.1664120770322262,4.009954293179657,0.7864230786603728,1.7235406465767102,-1.9579561977145195,9378.0,9406.0,9446.0,8956.0,8812.0,10759.13167902953
2023-06-27,11570,1.023642674445828,0.8977949948935288,1.1145297398499454,1.2705197525355874,0.5439810942451097,0.260342236153681,-0.5263870722179377,9838.0,9378.0,9406.0,9446.0,8956.0,10048.84862414694
2023-06-28,11570,0.7798410346755629,0.5538742517517179,0.883054697036693,0.4212514927174737,-0.7894498200388405,0.38454748424342056,-1.5165557173530735,11570.0,9838.0,9378.0,9406.0,9446.0,10238.457290901491
2023-06-29,10530,1.0152357213503016,0.6345470186615252,1.254212955340701,3.7181544295498434,-0.3045658512083135,1.4145422244997974,-1.8386587705898043,11570.0,11570.0,9838.0,9378.0,9406.0,12603.856103435353
2023-06-30,10072,0.9984218151592491,0.7364494610739137,1.2143034652004854,0.6782095815855184,-1.1531127966617358,1.4448361874485138,-1.874447998727219,10530.0,11570.0,11570.0,9838.0,9378.0,11968.702190977558
2023-07-03,9476,1.2296130252862247,1.2162401274322425,1.2821495984388522,-0.19719000930392203,-1.3955547810769995,0.5844876397049524,-0.9439280671544407,10072.0,10530.0,11570.0,11570.0,9838.0,12523.505384355076
2023-07-04,9012,1.019439197898065,0.7364494610739137,1.254212955340701,3.548300777586221,-0.8500603161426564,1.293366372704929,-1.874447998727219,9476.0,10072.0,10530.0,11570.0,11570.0,10299.429876858821
2023-07-05,8972,1.0782878695667495,0.9402543458986908,1.1943487201303773,2.1241432341989226,0.5439810942451097,0.5784288471152093,-0.6934034701925388,9012.0,9476.0,10072.0,10530.0,11570.0,10374.339796602853
2023-07-06,8798,1.153950447426487,1.2162401274322425,1.0905840457658158,-0.3931749923388714,-0.7894498200388405,-0.06683256369246152,-0.7053332129050103,8972.0,9012.0,9476.0,10072.0,10530.0,10319.100844931108
2023-07-07,8808,0.8302827532487213,0.6812523047672034,0.9908103204152758,2.999542825088363,-0.9106708122464724,1.1449259542562165,-1.8386587705898043,8798.0,8972.0,9012.0,9476.0,10072.0,10195.463661180389
2023-07-10,9532,1.191781736356356,1.110091749919338,1.2182944142145067,0.8741945646204677,-0.5470078356235769,0.6814283211408468,-0.6218250139177096,8808.0,8798.0,8972.0,9012.0,9476.0,11530.98221586745
2023-07-11,8919,0.9816079089681963,0.7406953961744298,1.2422401082986363,2.581441527947138,-1.09250230055792,1.4569537726280013,-1.8983074841521619,9532.0,8808.0,8798.0,8972.0,9012.0,11523.68341697744
2023-07-12,9266,1.1623574005220134,0.9996974373059172,1.3021043435089603,0.2818843936703986,-0.9712813083502884,1.090396820948526,-1.2063824068288138,8919.0,9532.0,8808.0,8798.0,8972.0,11130.787231885364
2023-07-13,10120,1.1245261115921448,0.6770063696666873,1.4058690178735216,1.6145822783080543,-0.9106708122464724,1.4448361874485138,-1.9579561977145195,9266.0,8919.0,9532.0,8808.0,8798.0,11166.619209401882
2023-07-14,10440,1.0614739633756969,0.6048254729579122,1.3779323747753707,11.331082214996322,1.9380225046328754,1.5266298874100495,-1.9579561977145195,10120.0,9266.0,8919.0,9532.0,8808.0,11591.427688223179
2023-07-17,10030,1.238019978381751,1.203502322130694,1.3539866806912408,1.9238030293187522,-0.9712813083502884,1.535718076294665,-1.1705931786913994,10440.0,10120.0,9266.0,8919.0,9532.0,12894.334423881073
2023-07-18,9230,0.9774044324204328,0.5963336027568796,1.2502220063266796,4.928906102521308,-1.7592177576998949,1.7144524576920948,-1.9460264550020479,10030.0,10440.0,10120.0,9266.0,8919.0,14824.735035397041
2023-07-19,10226,1.2085956425474087,1.1695348413265647,1.274167700410809,-0.38446454864842916,-1.6379967654922631,1.1146319913074991,-0.7053332129050103,9230.0,10030.0,10440.0,10120.0,9266.0,16366.387043385577
2023-07-20,9640,1.2506304080250406,1.2204860625327587,1.278158649424831,-0.3931749923388714,-1.5773862693884473,1.0449558765254499,-0.6695439847675957,10226.0,9230.0,10030.0,10440.0,10120.0,17294.643344823256
2023-07-21,10500,1.3346999389803045,1.4157990771565037,1.3140771905510251,-0.3931749923388714,-1.3349442849731838,0.7723102099869978,-0.6218250139177096,9640.0,10226.0,9230.0,10030.0,10440.0,18731.502884887945
2023-07-24,11980,1.305275603145962,1.1695348413265647,1.4457785080137378,1.99348657884229,-1.2743337888693678,1.3751600726664646,-1.3137500912410576,10500.0,9640.0,10226.0,9230.0,10030.0,19720.395851205452
2023-07-25,10620,1.3346999389803045,1.182272646628113,1.4417875589997158,-0.07959901948295244,-0.6682288278312088,1.2085432764485222,-1.1109444651290419,11980.0,10500.0,9640.0,10226.0,9230.0,19159.39637559427
2023-07-26,10046,1.3473103686235939,1.335126310246696,1.4537604060417808,-0.018625913649857082,-1.09250230055792,1.2418666356921109,-0.7769116691798394,10620.0,11980.0,10500.0,9640.0,10226.0,20234.35878581516
2023-07-27,10032,1.456600758865437,1.4497665579606331,1.3899052218174353,-0.3365571083509971,-1.5773862693884473,0.8026041729357152,-0.21621376169367826,10046.0,10620.0,11980.0,10500.0,9640.0,22936.541095136272
2023-07-28,11572,1.5112459539863585,1.4752421685637296,1.4856879981539535,-0.3888197704936503,-1.5773862693884473,0.6965753026152055,-0.15656504813132063,10032.0,10046.0,10620.0,11980.0,10500.0,23338.21124680927
2023-07-31,12240,1.4692111885087265,1.4412746877596,1.4697242020978671,-0.0970199068638368,-1.7592177576998949,0.7208104729741796,-0.2758624752560359,11572.0,10032.0,10046.0,10620.0,11980.0,19847.263427966656
2023-08-01,15340,1.56589114910728,1.572898675875602,1.4657332530838456,-0.37139888311276587,-1.8198282538037107,0.5451054878716207,-0.02533787829413384,12240.0,11572.0,10032.0,10046.0,10620.0,17285.510972005326
2023-08-02,16520,1.561687672559517,1.5304393248704404,1.5455522333642775,-0.3931749923388714,-1.8198282538037107,0.663251943371617,-0.3593706742433363,15340.0,12240.0,11572.0,10032.0,10046.0,16545.793711552567
2023-08-03,17920,1.5827050552983328,1.56440680567457,1.4417875589997158,-0.3931749923388714,-1.5773862693884473,0.3633417101793186,0.14167851968046727,16520.0,15340.0,12240.0,11572.0,10032.0,16882.36974846101
2023-08-04,20240,1.5995189614893857,1.5898824162776672,1.5335793863222127,-0.3931749923388714,-1.6986072615960792,0.4693705804998283,-0.22814350440614978,17920.0,16520.0,15340.0,12240.0,11572.0,17487.697077780947
2023-08-07,22080,1.5322633367251746,1.5559149354735378,1.581470774490472,0.3297918339678306,-0.9106708122464724,0.7480750396280248,-0.6934034701925388,20240.0,17920.0,16520.0,15340.0,12240.0,17965.861183492027
2023-08-08,21880,1.5532807194639904,1.5134555844683752,1.557525080406342,-0.2189661185300275,-0.0015133706892336571,0.529958506397262,-0.5860357857802952,22080.0,20240.0,17920.0,16520.0,15340.0,17794.41472223435
2023-08-09,23080,1.305275603145962,1.0676323989141763,1.4497694570277593,1.8584747016404357,1.0288650630756366,1.0419264802305788,-1.8625182560147473,21880.0,22080.0,20240.0,17920.0,16520.0,17119.685820803355
2023-08-10,25200,0.9437766200383273,0.5963336027568796,1.2422401082986363,10.246631975536268,2.847179946190114,1.7750403835895285,-1.9221669695771049,23080.0,21880.0,22080.0,20240.0,17920.0,17533.90980529005
2023-08-11,25760,1.221206072190698,1.1270754903214026,1.2821495984388522,0.4691589330149057,-0.0015133706892336571,1.1085731987177558,-0.9319983244419692,25200.0,23080.0,21880.0,22080.0,20240.0,17942.535229555182
2023-08-14,19820,1.4397868526743844,1.432782817558568,1.433805660971673,-0.34526755204143933,-1.5167757732846316,0.7783690025767411,-0.40708964509322243,25760.0,25200.0,23080.0,21880.0,22080.0,16704.21800718467
2023-08-16,17320,1.3389034155280677,1.2969128943420503,1.3819233237893922,-0.3931749923388714,-1.8198282538037107,0.7571632285126392,-0.7888414118923109,19820.0,25760.0,25200.0,23080.0,21880.0,15418.811878484972
2023-08-17,16060,1.2968686500504358,1.2204860625327587,1.3300409866071115,-0.37139888311276587,-2.0016597421151587,1.002544328397247,-1.1944526641163427,17320.0,19820.0,25760.0,25200.0,23080.0,15360.926584265346
2023-08-18,16360,1.3599207982668835,1.3223885049451471,1.4138509159015649,0.7391826874186137,-1.4561652771808156,1.0086031209869903,-0.812700897317254,16060.0,17320.0,19820.0,25760.0,25200.0,15413.657513470089
2023-08-21,17060,1.5154494305341217,1.4879799738652786,1.5176155902661264,-0.3931749923388714,-0.8500603161426564,0.7177810766793075,-0.31165170339345044,16360.0,16060.0,17320.0,19820.0,25760.0,16114.319987989003
2023-08-22,16980,1.4734146650564899,1.4412746877596,1.5216065392801479,-0.07088857579251023,-0.12273436289686558,0.7571632285126392,-0.7888414118923109,17060.0,16360.0,16060.0,17320.0,19820.0,16978.913087099263
2023-08-23,16700,1.2674443142160934,1.2204860625327587,1.3899052218174353,3.282632245027734,-1.2743337888693678,1.453924376333129,-1.2660311203911718,16980.0,17060.0,16360.0,16060.0,17320.0,15885.421712528267
2023-08-24,16340,1.1875782598085924,0.9912055671048847,1.393896170831457,4.0317304024057625,-1.4561652771808156,1.7508052132305554,-1.8863777414396903,16700.0,16980.0,17060.0,16360.0,16060.0,15627.203544346141
2023-08-25,16220,1.2716477907638564,1.2289779327337913,1.278158649424831,-0.1231512379351634,-1.0318918044541043,0.7874571914613565,-0.33551118881839326,16340.0,16700.0,16980.0,17060.0,16360.0,16359.244134625784
2023-08-28,15360,1.2296130252862247,0.9614840214012716,1.3739414257613487,0.1730038475398712,0.4833705981412937,1.0449558765254499,-1.7432208288900324,16220.0,16340.0,16700.0,16980.0,17060.0,16278.959507339716
2023-08-29,14980,1.1875782598085924,0.9827136969038525,1.3460047826631978,0.9569437796796686,-0.36517634731212906,1.472100754102359,-1.874447998727219,15360.0,16220.0,16340.0,16700.0,16980.0,15986.468648029177
2023-08-30,14700,0.9143522842039852,0.5793498623548149,1.1664120770322262,1.8976716982474255,-1.8198282538037107,1.7780697798844007,-1.9579561977145195,14980.0,15360.0,16220.0,16340.0,16700.0,15167.05443190101
2023-08-31,14560,0.9858113855159594,0.9360084107981743,1.0786111987237512,0.390764939800926,-1.7592177576998949,1.1631023320254463,-1.0035767807167981,14700.0,14980.0,15360.0,16220.0,16340.0,16513.735257760083
2023-09-01,14440,0.9984218151592491,0.9954515022054011,1.0147560144994057,-0.022981135495078183,-1.2743337888693678,0.978309158038273,-0.8484901254546685,14560.0,14700.0,14980.0,15360.0,16220.0,16991.402036492585
2023-09-04,14520,1.3136825562414887,1.2332238678343073,1.3819233237893922,-0.20590045299436424,-1.213723292765552,1.0570734617049375,-1.2063824068288138,14440.0,14560.0,14700.0,14980.0,15360.0,19348.775912520043
2023-09-05,14180,1.2968686500504358,1.2332238678343073,1.393896170831457,-0.3931749923388714,-0.9712813083502884,0.5844876397049524,-0.6456844993426527,14520.0,14440.0,14560.0,14700.0,14980.0,18989.060045995193
2023-09-06,14200,1.2296130252862247,1.2247319976332751,1.2582039043547226,-0.3104257772796705,-0.7288393239350245,0.5844876397049524,-0.442878873230637,14180.0,14520.0,14440.0,14560.0,14700.0,18887.814282801945
2023-09-07,14240,1.0993052523055655,1.1313214254219188,1.0267288615414705,-0.3931749923388714,-0.3045658512083135,0.0331375140383039,-0.02533787829413384,14200.0,14180.0,14520.0,14440.0,14560.0,19074.808726878076
2023-09-08,14220,0.9437766200383273,1.0294189830095306,0.8551180539385418,-0.3931749923388714,-1.1531127966617358,0.10281362882035301,-0.02533787829413384,14240.0,14200.0,14180.0,14520.0,14440.0,17611.658915040727
2023-09-11,14880,1.107712205401092,1.1610429711255323,1.1145297398499454,-0.3931749923388714,-1.8198282538037107,0.5481348841664929,-0.5025275867929946,14220.0,14240.0,14200.0,14180.0,14520.0,19784.998576884318
2023-09-12,14680,1.1245261115921448,1.1185836201203705,1.1145297398499454,-0.3931749923388714,-1.8804387499075268,0.6753695285511035,-1.0751552369916273,14880.0,14220.0,14240.0,14200.0,14180.0,19919.948770408886
2023-09-13,14760,0.8639105656308268,0.5326445762491371,1.0746202497097292,2.999542825088363,-1.5773862693884473,1.808363742833118,-1.9579561977145195,14680.0,14880.0,14220.0,14240.0,14200.0,19024.675866525784
2023-09-14,15300,0.8807244718218796,0.626055148460493,1.0826021477377727,0.4735141548601269,-1.6379967654922631,1.5720708318331256,-1.9102372268646333,14760.0,14680.0,14880.0,14220.0,14240.0,16727.832261039333
2023-09-15,17720,0.9185557607517483,0.6472848239630739,1.1704030260462477,1.5840957253915064,-1.5773862693884473,1.8386577057818343,-1.8983074841521619,15300.0,14760.0,14680.0,14880.0,14220.0,16932.81395683747
2023-09-18,18940,1.1203226350443813,1.1355673605224352,1.1903577711163555,-0.1449273471612689,-1.6379967654922631,1.2206608616280088,-0.7172629556174819,17720.0,15300.0,14760.0,14680.0,14880.0,18374.063711826875
2023-09-19,18100,1.0068287682547754,0.9784677618033364,1.0626474026676649,-0.3931749923388714,-2.1228807343227905,1.0964556135382693,-0.9319983244419692,18940.0,17720.0,15300.0,14760.0,14680.0,18217.867783227844
2023-09-20,18420,0.8092653705099053,0.49867709544500755,1.0347107595695135,6.823427605192485,-0.36517634731212906,1.8204813280126046,-1.9579561977145195,18100.0,18940.0,17720.0,15300.0,14760.0,17632.74063609395
2023-09-21,19200,0.5822776369306929,0.3925287179321029,0.7553443285880019,1.026627329203206,-0.18334485900068154,1.2055138801536502,-1.9221669695771049,18420.0,18100.0,18940.0,17720.0,15300.0,15300.640746809097
2023-09-22,19260,0.5234289652620079,0.5793498623548149,0.587724469999095,-0.3931749923388714,-1.5167757732846316,0.8783390803075076,-0.7053332129050103,19200.0,18420.0,18100.0,18940.0,17720.0,15351.918431328917
2023-09-25,20560,0.8008584174143788,0.7279575908728816,0.9030094421068009,-0.16234823454215325,-1.0318918044541043,0.6117522063587977,-1.64778288719026,19260.0,19200.0,18420.0,18100.0,18940.0,15786.123958223272
2023-09-26,21000,0.7714340815800367,0.4052665232336512,1.0546655046396214,1.8192777050334459,-1.3955547810769995,1.8931868390895248,-1.8863777414396903,20560.0,19260.0,19200.0,18420.0,18100.0,15824.627702367668
2023-09-27,21940,0.8535805220146986,0.6119055697380227,1.1137016179295358,-0.24346424140939618,-1.2743337888693678,1.609688360324695,-1.7218466071156646,21000.0,20560.0,19260.0,19200.0,18420.0,14235.857790478041
2023-10-04,17140,0.4057316219246388,0.5114149007465558,0.2804213959194324,-0.27993922436312285,-0.7894498200388405,0.5238997138075188,-0.5383168149304092,21940.0,21000.0,20560.0,19260.0,19200.0,13624.254329669753
2023-10-05,17060,0.12409869322450466,0.014640493986162245,0.2085843136670438,-0.3931749923388714,0.8470335747641887,-1.4088551223206223,-0.21621376169367826,17140.0,21940.0,21000.0,20560.0,19260.0,13915.274103854535
2023-10-06,17420,0.12409869322450466,0.18447789800680978,0.0609192001482448,-0.3931749923388714,-1.3349442849731838,-0.41824253389757815,-0.5502465576428808,17060.0,17140.0,21940.0,21000.0,20560.0,13097.596697479947
2023-10-10,17200,0.26701689584845334,0.30761001592177917,0.2804213959194324,-0.3931749923388714,-1.0318918044541043,0.5481348841664929,-0.37130041695580784,17420.0,17060.0,17140.0,21940.0,21000.0,12793.957033967023
2023-10-11,16820,0.25020298965740057,0.43923400403778073,0.19262051761095741,-0.3931749923388714,-1.3349442849731838,0.11190181770496845,-0.2400732471186213,17200.0,17420.0,17060.0,17140.0,21940.0,12842.641572879234
2023-10-12,16660,0.2333890834663478,0.44772587423881327,0.09284679226041757,-0.3931749923388714,-1.4561652771808156,0.15128396953830017,-0.2877922179685074,16820.0,17200.0,17420.0,17060.0,17140.0,11860.101555873052
2023-10-13,16620,0.2712203723962165,0.32034782122332783,0.3163399370456268,-0.3931749923388714,-1.9410492460113427,0.4996645434485457,-1.230241892253757,16660.0,16820.0,17200.0,17420.0,17060.0,11487.215336329735
2023-10-16,15500,0.06945349810358319,0.11229700129803467,0.03298255705009371,-0.3931749923388714,-0.6076183317273929,-0.0032152415001556658,-0.3474409315308648,16620.0,16660.0,16820.0,17200.0,17420.0,11073.785638849562
2023-10-17,15000,-0.086075134163655,0.20146163840887454,-0.2224381798472883,-0.3931749923388714,-1.5167757732846316,0.10281362882035301,-0.19235427626873522,15500.0,16620.0,16660.0,16820.0,17200.0,10161.102857710532
2023-10-18,13780,0.04423263881700401,0.4095124583341677,-0.2184472308332667,-0.3931749923388714,-1.4561652771808156,0.2876068028075262,-0.2520029898310928,15000.0,15500.0,16620.0,16660.0,16820.0,9863.592421504867
2023-10-19,13820,0.2291856069185845,0.09106732579545383,0.23253000775117338,0.4299619364079158,-1.2743337888693678,1.1418965579613443,-1.623923401765317,13780.0,15000.0,15500.0,16620.0,16660.0,8907.571342770838
2023-10-20,14740,-0.2416037664308932,-0.4354286266685532,-0.10670065844066218,-0.33220188650577603,0.9682545669718207,-1.366443574192419,-0.5502465576428808,13820.0,13780.0,15000.0,15500.0,16620.0,10449.597742569742
2023-10-23,13420,-0.18695857130997154,-0.07452414312467762,-0.15858299562294284,-0.3931749923388714,-2.2441017265304226,-0.10924411182066542,-0.5025275867929946,14740.0,13820.0,13780.0,15000.0,15500.0,9845.00977943182
2023-10-24,13111,-0.17014466511891876,-0.17218065043654968,-0.17055584266500765,-0.3801093268032081,-2.0016597421151587,0.0725196658716367,-0.9319983244419692,13420.0,14740.0,13820.0,13780.0,15000.0,9391.311796940376
2023-10-25,12450,-0.05665079832931254,0.06134578009184041,-0.026881678160230328,-0.3931749923388714,-2.304712222634238,0.051313891807534755,-0.29972196068097895,13111.0,13420.0,14740.0,13820.0,13780.0,9821.161939935619
2023-10-26,11933,0.0484361153647673,0.05285390989080785,0.048946353106179924,-0.08395424132817354,-1.5167757732846316,0.06343147698702128,-0.7172629556174819,12450.0,13111.0,13420.0,14740.0,13820.0,9380.262333303099
2023-10-27,11557,-0.11129599345023419,-0.20190219614016308,-0.006926933090122257,-0.38446454864842916,-0.8500603161426564,-0.0032152415001556658,-0.9677875525793838,11933.0,12450.0,13111.0,13420.0,14740.0,9724.365937375342
2023-10-30,10706,-0.09027861071141811,0.1802319629062937,-0.17454679167902923,-0.3931749923388714,-2.1834912304266063,0.5208703175126477,-0.29972196068097895,11557.0,11933.0,12450.0,13111.0,13420.0,9645.719447754318
2023-10-31,10080,-0.031429939042733536,0.2311831841124876,-0.09871876041261898,-0.3931749923388714,-1.8804387499075268,0.2451952546793234,-0.5025275867929946,10706.0,11557.0,11933.0,12450.0,13111.0,8785.181646030707
2023-11-01,9472,0.30484818477832204,0.3245937563238439,0.17266577254084933,-0.3931749923388714,-0.486397339519761,0.34516533241008884,-0.9916470380043266,10080.0,10706.0,11557.0,11933.0,12450.0,8814.188239017914
2023-11-02,9426,0.4519698639500337,0.6133173431589444,0.37620417225595065,-0.3931749923388714,-0.5470078356235769,-0.15165565994886931,-0.31165170339345044,9472.0,10080.0,10706.0,11557.0,11933.0,8204.722243111748
2023-11-03,9568,0.4519698639500337,0.46470961464087807,0.3482675291577994,-0.3234914428153338,-0.36517634731212906,0.19975431025624735,-0.86041986816714,9426.0,9472.0,10080.0,10706.0,11557.0,8179.980721093653
2023-11-06,9532,0.216575177275295,0.23542911921300405,0.09683774127443909,2.2765759987816607,3.635116395539721,0.08766664734599432,-1.600063916340374,9568.0,9426.0,9472.0,10080.0,10706.0,8904.774675662662
2023-11-07,9402,-0.5232366951310271,-0.634987576392814,-0.4978136618147782,-0.35397799573188155,1.0288650630756366,-0.8362992225898723,-0.442878873230637,9532.0,9568.0,9426.0,9472.0,10080.0,9828.500163760813
2023-11-08,8810,-0.5400506013220799,-0.15095097493396883,-0.7173158575859659,-0.3931749923388714,-1.5773862693884473,-0.20618479325655975,-0.31165170339345044,9402.0,9532.0,9568.0,9426.0,9472.0,9675.59613512868
2023-11-09,8362,-0.08187165761589171,0.09531326089596992,-0.3820761404081521,0.1468725164685446,-1.09250230055792,0.5875170359998246,-1.230241892253757,8810.0,9402.0,9532.0,9568.0,9426.0,8741.08919221894
2023-11-10,8370,-0.6871722804937916,-0.6434794465938464,-0.6893792144878148,-0.30607055543444944,1.5743595280099796,-1.0362393780514043,-0.6814737274800673,8362.0,8810.0,9402.0,9532.0,9568.0,8692.677287575812
2023-11-13,7904,-1.0949095056268214,-1.0953180607017021,-1.0272798969207275,-0.38863829928741456,-0.4535616032555186,-0.7507187772597468,-0.2554834922674563,8370.0,8362.0,8810.0,9402.0,9532.0,8938.699251327538
2023-11-14,8070,-0.8427009127610298,-0.8048249804134613,-0.8370443280066137,-0.3931749923388714,-1.213723292765552,-0.11833230070528085,-0.86041986816714,7904.0,8370.0,8362.0,8810.0,9402.0,8122.161318910013
2023-11-15,8052,-0.7927846287563418,-0.6663013477591209,-0.744587009936029,-0.3931749923388714,-1.6531493895182172,0.009788442095581183,-0.5537270600792442,8070.0,7904.0,8370.0,8362.0,8810.0,7995.780260223185
2023-11-16,8220,-0.8342939596655033,-1.1275160480526916,-0.6095602342073829,0.5388424825384432,-1.4561652771808156,1.0813086320639107,-1.9579561977145195,8052.0,8070.0,7904.0,8370.0,8362.0,7905.353001663644
2023-11-17,9348,-1.0598808846851737,-1.210311782512757,-0.8526755483039892,-0.10736355874623692,0.3671954297343045,-0.29000061524492265,-1.1129337497263465,8220.0,8052.0,8070.0,7904.0,8370.0,8362.331535170319
2023-11-20,9056,-0.7712418114490555,-0.6689550571969435,-0.7612162967402034,-0.3931749923388714,-1.1531127966617358,-0.28494909692322323,-0.2758624752560359,9348.0,8220.0,8052.0,8070.0,7904.0,9235.535835129942
2023-11-21,8236,-0.7670383349012923,-0.4014611458644239,-0.9208542573010671,-0.3931749923388714,-2.0622702382189746,-0.10924411182066542,-0.3235814461059217,9056.0,9348.0,8220.0,8052.0,8070.0,9088.483942697736
2023-11-22,7860,-0.498015835844448,-0.3165424438541001,-0.8210805319505273,-0.3931749923388714,-1.3349442849731838,0.35728291758957537,-0.43094913051816547,8236.0,9056.0,9348.0,8220.0,8052.0,8343.691953542633
2023-11-23,7726,-0.17855161821444515,-0.1934103259391309,-0.2543657719594611,-0.3931749923388714,0.4227601020374777,-0.5151832153334724,-0.5860357857802952,7860.0,8236.0,9056.0,9348.0,8220.0,7652.824896172492
2023-11-24,7608,-1.2041998958686644,-1.3185831275759197,-0.980718492511391,-0.3931749923388714,2.2410749851519545,-1.7845002628847124,-0.6934034701925388,7726.0,7860.0,8236.0,9056.0,9348.0,8133.953612956869
2023-11-27,7132,-0.6661548977549756,-0.7751034347098481,-0.4858408147727135,-0.1187960160899423,-0.9712813083502884,0.6814283211408468,-1.8147992851648613,7608.0,7726.0,7860.0,8236.0,9056.0,7290.217412660531
2023-11-28,7296,-1.0276538808626103,-1.1996969447614665,-0.8609900220907433,-0.3888197704936503,0.4833705981412937,-0.5939475190001365,-0.7530521837548964,7132.0,7608.0,7726.0,7860.0,8236.0,7369.219525435167
2023-11-29,7150,-1.1411477476522165,-1.2931075169728228,-1.000673237581499,-0.3626884394223237,-0.2439553551044975,-0.16074384883348367,-1.5523449454904878,7296.0,7132.0,7608.0,7726.0,7860.0,7747.5041848500405
2023-11-30,7302,-1.5110536838553776,-1.734684767426506,-1.2560939744788808,-0.3931749923388714,1.1500860552832686,-1.2149737594488341,-0.5860357857802952,7150.0,7296.0,7132.0,7608.0,7726.0,7882.195939757251
2023-12-04,7050,-1.1537581772955061,-0.9534327089315279,-1.2321482803947514,-0.3931749923388714,-1.8198282538037107,-0.37886038206424644,-0.4548086159431085,7302.0,7150.0,7296.0,7132.0,7608.0,7963.75237940551
2023-12-05,7304,-0.9519913030028728,-0.6901847326995243,-0.8969085632169376,-0.3931749923388714,-2.0622702382189746,-0.1849790191924578,-0.86041986816714,7050.0,7302.0,7150.0,7296.0,7132.0,7112.170961154545
2023-12-06,7524,-0.7838522410923451,-0.7835953049108805,-0.872962869132808,-0.15799301269693214,-0.7288393239350245,0.1785485361921454,-1.6358531444777886,7304.0,7050.0,7302.0,7150.0,7296.0,8433.62163942536
2023-12-07,7404,-0.7712418114490555,-0.8090709155139776,-0.7332796536420523,-0.3931749923388714,0.1803181176222139,-1.1513564372565284,-0.47866810136805155,7524.0,7304.0,7050.0,7302.0,7150.0,8470.316710628911
2023-12-08,7440,-0.2542141960741827,-0.09999975372777456,-0.6215330812494476,-0.3931749923388714,1.0894755591794525,-0.07592075257707695,-0.47866810136805155,7404.0,7524.0,7304.0,7050.0,7302.0,8190.30526535002
2023-12-11,7282,-0.22356034334961958,-0.5911164519667306,0.02450179039529774,2.6600206180895394,0.4934773983666046,1.4645272633651802,-1.9579561977145195,7440.0,7404.0,7524.0,7304.0,7050.0,7645.605655967197
2023-12-12,8119,-0.6955792335893181,-0.9237111632279146,-0.3940489874502169,-0.38446454864842916,0.6045915903489256,0.9177212321408393,-1.8983074841521619,7282.0,7440.0,7404.0,7524.0,7304.0,7894.080885468324
2023-12-13,8324,-0.5736784137041854,-0.6774469273979759,-0.5217593558989078,-0.3931749923388714,-1.1531127966617358,0.5541936767562362,-1.277960863103643,8119.0,7282.0,7440.0,7404.0,7524.0,8399.04619593767
2023-12-14,8020,-0.4433706407235265,-0.8685140069212041,-0.09073686238457579,1.9368686948544154,0.1803181176222139,1.2661018060510838,-1.9579561977145195,8324.0,8119.0,7282.0,7440.0,7404.0,8130.126870794474
2023-12-15,7886,-0.5988992729907646,-0.7835953049108805,-0.3740942423801089,3.7094439858594015,-0.18334485900068154,1.9568041612818305,-1.9579561977145195,8020.0,8324.0,8119.0,7282.0,7440.0,8214.055958338022
2023-12-18,8054,-1.8893665731540648,-2.1507864072770917,-1.766935448273645,-0.3931749923388714,-0.7894498200388405,-0.7575349189232083,-1.0990147224165705,7886.0,8020.0,8324.0,8119.0,7282.0,8644.268355174765
2023-12-19,8140,-1.5488849727852463,-1.7474225727280543,-1.3518767508153993,-0.3888197704936503,-1.6379967654922631,-0.5242714042180874,-1.6716423726152032,8054.0,7886.0,8020.0,8324.0,8119.0,8453.49520951278
2023-12-20,8756,-1.7674657532689322,-1.968211197954896,-1.599315589684738,-0.31913622097011274,1.2713070474909005,-0.03047980815400088,-1.2183121495412856,8140.0,8054.0,7886.0,8020.0,8324.0,8621.871812038085
2023-12-21,8848,-2.213034267331831,-2.4862152802178703,-1.8746910716522278,-0.27993922436312285,0.4227601020374777,-0.3576546080001445,-0.7411224410424249,8756.0,8140.0,8054.0,7886.0,8020.0,8948.274655223331
2023-12-22,8792,-2.242458603166173,-2.4182803186096113,-1.982446695030811,-0.36704366126754484,0.24092861372602983,-0.6969469930257741,-0.4905978440805231,8848.0,8756.0,8140.0,8054.0,7886.0,8975.2864758801
2023-12-26,8486,-1.2252172786074804,-1.203942879861983,-1.080492217861931,-0.3931749923388714,-1.6986072615960792,0.38454748424342056,-0.8842793535920831,8792.0,8848.0,8756.0,8140.0,8054.0,9277.052237441423
2023-12-27,8400,-1.1999964193209012,-1.1062863725501104,-1.0046641865955206,-0.3931749923388714,-2.2441017265304226,0.7662514173972546,-0.5144573295054662,8486.0,8792.0,8848.0,8756.0,8140.0,8700.135191403833
2023-12-28,8154,-1.2672520440851123,-1.2633859712692093,-1.108428860960082,-0.3931749923388714,-1.8198282538037107,0.77533960628187,-0.9439280671544407,8400.0,8486.0,8792.0,8848.0,8756.0,8735.469794230916
2023-12-29,8270,-1.2756589971806387,-1.2379103606661122,-1.088474115889974,-0.3931749923388714,-1.5167757732846316,0.5451054878716207,-1.0512957515666843,8154.0,8400.0,8486.0,8792.0,8848.0,8599.971788058609
2024-01-02,8220,-1.0276538808626103,-1.280369711671274,-0.7931438888523762,-0.3931749923388714,-1.8198282538037107,0.617810998948541,-1.4449772610782443,8270.0,8154.0,8400.0,8486.0,8792.0,8502.845281424468
2024-01-03,8120,-1.1915894662253748,-1.4162396348877921,-0.8689719201187864,-0.30607055543444944,-0.7288393239350245,0.7026340952049487,-1.5284854600655449,8220.0,8270.0,8154.0,8400.0,8486.0,8468.323758893568
2024-01-04,7970,-1.263048567537349,-1.2464022308671445,-1.1443474020862763,-0.3931749923388714,-1.2743337888693678,0.26337163244855316,-0.5502465576428808,8120.0,8220.0,8270.0,8154.0,8400.0,8510.509630156097
2024-01-05,7490,-0.9141600140730042,-0.9109733579263659,-0.8769538181468296,-0.3931749923388714,-1.2743337888693678,0.42695903237162447,-1.301820348528586,7970.0,8120.0,8220.0,8270.0,8154.0,8137.959057454737
2024-01-08,7436,-1.7128205581480107,-1.7474225727280543,-1.667161722923105,-0.3931749923388714,-1.3349442849731838,-0.9150635262565363,-0.4190193878056939,7490.0,7970.0,8120.0,8220.0,8270.0,7873.836518972559
2024-01-09,7350,-1.3681354812314288,-1.5648473634058584,-1.2241663823667084,-0.1449273471612689,-1.6379967654922631,0.42695903237162447,-1.9579561977145195,7436.0,7490.0,7970.0,8120.0,8220.0,7789.876819414448
2024-01-10,7520,-1.3597285281359026,-1.6540120005166983,-1.148338351100298,-0.3801093268032081,-0.425786843415945,1.0055737246921181,-1.4211177756533013,7350.0,7436.0,7490.0,7970.0,8120.0,7809.987405981409
2024-01-11,7432,-1.3134902861105076,-1.420485569988308,-1.1922387902545355,-0.3931749923388714,-1.09250230055792,0.5117821286280323,-1.301820348528586,7520.0,7350.0,7436.0,7490.0,7970.0,7927.918526551333
2024-01-12,7332,-1.170572083486559,-1.1869591394599182,-1.0365917787076933,-0.3931749923388714,-0.8500603161426564,-0.5727417449360346,-0.4548086159431085,7432.0,7520.0,7350.0,7436.0,7490.0,8145.77428525459
2024-01-15,7910,-1.4942397776643248,-1.6412741952151497,-1.2600849234929026,-0.3931749923388714,-0.0015133706892336571,-0.9211223188462796,-0.3593706742433363,7332.0,7432.0,7520.0,7350.0,7436.0,8410.129321807786
2024-01-16,7850,-1.4942397776643248,-1.4671908560939861,-1.4676142722220253,-0.3931749923388714,-1.5773862693884473,-0.7302703522693625,-0.4548086159431085,7910.0,7332.0,7432.0,7520.0,7350.0,8631.938472374963
2024-01-17,7692,-1.1453512241999797,-1.4459611805914052,-1.0645284218058446,0.2209112878373032,-1.8198282538037107,0.8753096840126354,-1.9340967122895765,7850.0,7910.0,7332.0,7432.0,7520.0,8472.44138067845
2024-01-18,7786,-0.8384974362132666,-1.0510892162434,-0.5576778970251022,0.4168962708722526,-0.7894498200388405,1.5448062651792802,-1.8267290278773327,7692.0,7850.0,7910.0,7332.0,7432.0,8023.24082391035
2024-01-19,8134,-0.8342939596655033,-1.1742213341583694,-0.4618951206885839,-0.3496227738866604,1.1500860552832686,0.35728291758957537,-1.7193613434650892,7786.0,7692.0,7850.0,7910.0,7332.0,7825.715702781432
2024-01-22,8520,-1.8095005187465643,-1.8663087555425075,-1.607297487712781,-0.38446454864842916,3.210842922813009,-0.2001260006668165,-1.1705931786913994,8134.0,7786.0,7692.0,7850.0,7910.0,8614.744660528542
2024-01-23,8436,-2.187813408045252,-2.4904612153183865,-1.8228087344699475,-0.3365571083509971,2.7259589539824822,-0.36371340058988777,-0.9081388390170261,8520.0,8134.0,7786.0,7692.0,7850.0,8854.853398714678
2024-01-24,8632,-1.9734361041093287,-2.2017376284832864,-1.8068449384138607,-0.3496227738866604,1.6349700241137957,-0.6787706152565438,-0.5621763003553523,8436.0,8520.0,8134.0,7786.0,7692.0,8902.869087628402
2024-01-25,8394,-1.784279659459985,-1.9087681065476692,-1.7070712130633208,-0.3931749923388714,-0.486397339519761,-1.024121792871917,-0.2877922179685074,8632.0,8436.0,8520.0,8134.0,7786.0,8922.4439031712
2024-01-26,8340,-1.5068502073076144,-1.530879882601729,-1.4755961702500686,-0.3931749923388714,-1.3955547810769995,-0.2667727191539934,-0.8723496108796115,8394.0,8632.0,8436.0,8520.0,8134.0,8669.340466297288
2024-01-29,8144,-1.4437980590911665,-1.4289774401893405,-1.3159582096892048,-0.3931749923388714,-1.213723292765552,-0.11833230070528085,-0.4548086159431085,8340.0,8394.0,8632.0,8436.0,8520.0,8676.434904189891
2024-01-30,8344,-1.2462346613462962,-1.0425973460423676,-1.323940107717248,-0.3888197704936503,-1.9410492460113427,-0.3364488339360425,-0.3951599023807509,8144.0,8340.0,8394.0,8632.0,8436.0,8656.248167496646
2024-01-31,8136,-0.8679217720476089,-0.7114144082021053,-0.7971348378663978,-0.35397799573188155,-1.3349442849731838,-0.30312547469245404,-1.1109444651290419,8344.0,8144.0,8340.0,8394.0,8632.0,8464.447663666913
2024-02-01,8540,-1.0486712636014264,-1.3440587381790168,-0.785161990824333,-0.3147809991248916,-0.425786843415945,0.13916638435881365,-1.8625182560147473,8136.0,8344.0,8144.0,8340.0,8394.0,8437.224929849679
2024-02-02,8724,-1.1201303649134007,-1.2081888149624989,-0.892917614202916,-0.3888197704936503,-0.7288393239350245,0.22701887691009254,-1.2063824068288138,8540.0,8136.0,8344.0,8144.0,8340.0,8798.233372071829
2024-02-05,8486,-1.019246927767084,-1.37378028388263,-0.7173158575859659,0.9221020049178997,1.0894755591794525,1.4296892059741562,-1.9579561977145195,8724.0,8540.0,8136.0,8344.0,8144.0,8583.244588557405
2024-02-06,8796,-1.216810325511954,-1.5223880124006968,-0.8170895829365058,-0.3626884394223237,-0.7894498200388405,1.1964256912690348,-1.9102372268646333,8486.0,8724.0,8540.0,8136.0,8344.0,8713.807124458084
2024-02-07,8730,-1.3357337178713922,-1.511065164971395,-1.031436470318831,-0.3931749923388714,-0.832377203904368,0.21490129173060601,-1.15021419570282,8796.0,8486.0,8724.0,8540.0,8136.0,9082.417004274808
2024-02-08,8580,-1.3218972392060337,-1.3610424785810815,-1.180265943212471,-0.3931749923388714,-1.2743337888693678,0.2785186139229119,-0.37130041695580784,8730.0,8796.0,8486.0,8724.0,8540.0,8857.168394407001
2024-02-13,8814,-0.5526610309653694,-0.36324772995977805,-0.8330533789925921,-0.3931749923388714,0.059097125414581966,-0.212243585846303,-0.442878873230637,8580.0,8730.0,8796.0,8486.0,8724.0,8745.560030439412
2024-02-14,9082,-0.13160929386729972,-0.1311330728523097,-0.07527193495524209,-0.22531712078582114,-0.7061103878960937,0.7292700621276087,-1.5975795474205017,8814.0,8580.0,8730.0,8796.0,8486.0,8840.08049007558
2024-02-15,9556,-0.8132765769266874,-0.6307416412922977,-0.7891529398383546,-0.14928256900648995,0.4833705981412937,1.0086031209869903,-1.64778288719026,9082.0,8814.0,8580.0,8730.0,8796.0,9246.917678388107
2024-02-16,9436,-1.1831825131298483,-1.1062863725501104,-1.0565465237778011,-0.3931749923388714,-1.213723292765552,0.024049325153689547,-0.6576142420551242,9556.0,9082.0,8814.0,8580.0,8730.0,9779.576912413004
2024-02-19,9920,-0.2962489615518147,-0.359001794859262,-0.26234766998750425,1.4665047355705367,-0.0015133706892336571,1.8810692539100382,-1.7193613434650892,9436.0,9556.0,9082.0,8814.0,8580.0,10184.952690095142
2024-02-20,9986,-0.8511078658565562,-1.1444997884547563,-0.5137774578708646,0.1730038475398712,-0.0015133706892336571,1.5720708318331256,-1.9579561977145195,9920.0,9436.0,9556.0,9082.0,8814.0,10249.530549299227
2024-02-21,10118,-0.9646017326461623,-1.4035018295862434,-0.6095602342073829,1.113731766107628,1.5137490319061637,1.720511250281838,-1.9579561977145195,9986.0,9920.0,9436.0,9556.0,9082.0,10379.736750186472
2024-02-22,10332,-1.1957929427731382,-1.6582579356172147,-0.7492434496981386,0.00315019557624842,0.5439810942451097,1.402424639320311,-1.9579561977145195,10118.0,9986.0,9920.0,9436.0,9556.0,10129.371026437957
2024-02-23,10840,-1.1579616538432693,-1.4714367911945025,-0.8011257868804194,-0.33220188650577603,0.7864230786603728,0.45422359902546966,-1.5762044309154308,10332.0,10118.0,9986.0,9920.0,9436.0,10036.932312231113
2024-02-26,10362,-1.0949095056268214,-1.1147782427511428,-0.9048904612449807,-0.3931749923388714,-0.425786843415945,0.4299884286664966,-0.8007711546047825,10840.0,10332.0,10118.0,9986.0,9920.0,10194.328450043939
2024-02-27,10390,-0.9477878264551096,-1.0765648268464971,-0.8410352770206354,-0.3931749923388714,0.11970762151839792,-0.739358541153978,-1.1109444651290419,10362.0,10840.0,10332.0,10118.0,9986.0,10033.270091157197
2024-02-28,10270,-0.8342939596655033,-0.843038396318107,-0.7412615516700954,-0.3931749923388714,-0.7894498200388405,-0.6545354448975702,-1.0990147224165705,10390.0,10362.0,10840.0,10332.0,10118.0,10006.275780734404
2024-02-29,10286,-0.9646017326461623,-1.2464022308671445,-0.7213068065999875,-0.18847956561347987,-0.486397339519761,0.4966351471536736,-1.9579561977145195,10270.0,10390.0,10362.0,10840.0,10332.0,9806.913954979675
2024-03-04,11140,-0.7838522410923451,-0.6901847326995243,-0.9128723592730239,-0.38446454864842916,-1.5773862693884473,-0.2879784932180954,-0.8365603827421971,10286.0,10270.0,10390.0,10362.0,10840.0,9745.192894712623
2024-03-05,11580,-0.7752697928509495,-1.1351237022690412,-0.40785068687795706,0.14215472240470883,0.5566032300587292,0.9501584929681774,-1.9579561977145195,11140.0,10286.0,10270.0,10390.0,10362.0,10496.227229129947
2024-03-06,11940,-0.7880557176401083,-0.9109733579263659,-0.6414878263195556,-0.3931749923388714,-0.0015133706892336571,0.08463725105112323,-1.277960863103643,11580.0,11140.0,10286.0,10270.0,10390.0,10800.109907191278
2024-03-07,11940,-1.0402643105059,-1.1996969447614665,-0.8290624299785705,-0.3931749923388714,-0.0015133706892336571,-0.2001260006668165,-1.2660311203911718,11940.0,11580.0,11140.0,10286.0,10270.0,11085.620060407868
2024-03-08,12180,-1.1369442711044533,-1.1912050745604341,-0.9487909003992184,-0.3931749923388714,1.6349700241137957,-1.6784713925642034,-0.096916334568963,11940.0,11940.0,11580.0,11140.0,10286.0,11566.796976826381
2024-03-11,12840,-0.8132765769266874,-0.7581196943077834,-0.9368180533571535,-0.34526755204143933,-1.213723292765552,-0.4727716672052686,-1.3853285475158867,12180.0,11940.0,11940.0,11580.0,11140.0,10942.378930193416
2024-03-12,13600,-0.930973920264057,-1.0298595407408193,-0.725297755614009,-0.31913622097011274,-0.9712813083502884,0.5602524693459794,-1.6716423726152032,12840.0,12180.0,11940.0,11940.0,11580.0,11480.025122107329
2024-03-13,12960,-0.8090731003789242,-0.6477253816943624,-0.9487909003992184,-0.3931749923388714,-0.6076183317273929,-0.5848593301155216,-0.07305684914401994,13600.0,12840.0,12180.0,11940.0,11940.0,13319.606337426909
2024-03-14,12720,-0.6535444681116861,-0.3547558597587457,-0.7691981947682466,-0.3931749923388714,-0.36517634731212906,-0.8332698262950007,-0.16849479084379215,12960.0,13600.0,12840.0,12180.0,11940.0,13700.026282686269
2024-03-15,13420,-0.498015835844448,-0.15519691003448494,-0.8051167358944409,-0.3931749923388714,-0.7288393239350245,-1.0635039447052494,0.08202980611810963,12720.0,12960.0,13600.0,12840.0,12180.0,12977.703213576278
2024-03-18,13940,-0.7039861866848445,-0.5415770041814578,-0.8410352770206354,-0.3931749923388714,-0.486397339519761,-1.7451181110513807,-0.08498659185649148,13420.0,12720.0,12960.0,13600.0,12840.0,13888.10821624494
2024-03-19,14000,-0.6829688039460284,-0.6774469273979759,-0.5057955598428214,-0.31913622097011274,1.6955805202176115,-0.9574750743847397,-1.4211177756533013,13940.0,13420.0,12720.0,12960.0,13600.0,13734.287770860838
2024-03-20,14180,-0.9688052091939257,-1.0850566970475295,-0.813098633922484,-0.3801093268032081,1.9986330007366913,-1.345237800128317,-0.3235814461059217,14000.0,13940.0,13420.0,12720.0,12960.0,13827.557686748338
2024-03-21,13880,-0.9646017326461623,-0.8472843314186232,-1.040582727721715,-0.3931749923388714,-0.8500603161426564,-1.0422981706411474,0.10588929154305268,14180.0,14000.0,13940.0,13420.0,12720.0,12933.370080467168
2024-03-22,14140,-0.3971323986981312,-0.28257496304997076,-0.7532343987121602,-0.1275064597803845,1.0288650630756366,-0.41521313760270656,-0.9319983244419692,13880.0,14180.0,14000.0,13940.0,13420.0,13756.344984851332
2024-03-25,14240,-0.4223532579847104,-0.6477253816943624,-0.18651963872109403,0.5214215951575589,1.0894755591794525,0.6087228100639266,-1.9460264550020479,14140.0,13880.0,14180.0,14000.0,13940.0,12519.174738056847
2024-03-26,14100,-0.7418174756147131,-0.9152192930268822,-0.5576778970251022,1.4316629608087683,0.4833705981412937,1.1206907838972424,-1.5762044309154308,14240.0,14140.0,13880.0,14180.0,14000.0,12535.424181257826
2024-03-27,14320,-0.45177759381905286,-0.32503431405513245,-0.6893792144878148,-0.3931749923388714,-1.3955547810769995,0.4209002397818812,-0.4905978440805231,14100.0,14240.0,14140.0,13880.0,14180.0,11140.385967112356
2024-03-28,14420,-0.4391671641757632,-0.8387924612175909,-0.09472781139859739,1.4142420734278838,-1.2743337888693678,1.6387175503203024,-1.9579561977145195,14320.0,14100.0,14240.0,14140.0,13880.0,11552.66513428627
2024-03-29,15180,-0.3929289221503681,-0.48213391277423134,-0.3940489874502169,-0.3888197704936503,0.9682545669718207,0.46028239161521295,-1.087084979704099,14420.0,14320.0,14100.0,14240.0,14140.0,13034.528685332378
2024-04-01,15480,-0.17855161821444515,0.16324822250422893,-0.5616688460391238,-0.3931749923388714,-1.2743337888693678,-1.245267722397551,0.1178190342555242,15180.0,14420.0,14320.0,14100.0,14240.0,12173.762750089902
2024-04-02,15100,0.0484361153647673,0.3628071722284895,-0.3780851913941305,-0.0012050262689726806,-1.2743337888693678,-1.3210026297693434,-0.812700897317254,15480.0,15180.0,14420.0,14320.0,14100.0,12328.072548511826
2024-04-03,15120,-0.12810989964128697,-0.49487171807577984,0.18064767056889253,1.8192777050334459,-0.6076183317273929,1.047985272820322,-1.9579561977145195,15100.0,15480.0,15180.0,14420.0,14320.0,11175.546035106816
2024-04-04,15360,-0.12810989964128697,-0.3505099246582296,0.0808739452183527,-0.35397799573188155,-0.5470078356235769,0.393635673128036,-1.8028695424523897,15120.0,15100.0,15480.0,15180.0,14420.0,11063.000206913857
2024-04-05,15600,-0.12810989964128697,-0.12122942923035541,-0.09073686238457579,-0.3931749923388714,-0.425786843415945,-0.22133177473091845,-0.5979655284927669,15360.0,15120.0,15100.0,15480.0,15180.0,11493.204633587045
2024-04-08,16220,0.14931955251108384,0.35006936692694085,-0.09472781139859739,-0.3931749923388714,-1.2743337888693678,-1.1604446261411432,-1.3256798339535292,15600.0,15360.0,15120.0,15100.0,15480.0,11184.979611936355
2024-04-09,16780,-0.048243845233786144,0.01039455888564615,-0.13463730153881326,-0.3931749923388714,0.6045915903489256,-1.0786509261796076,-0.5621763003553523,16220.0,15600.0,15360.0,15120.0,15100.0,13022.816113228602
2024-04-11,18240,0.09047088084239908,0.22269131391145539,0.09284679226041757,-0.3931749923388714,-1.5773862693884473,-0.10015592293605,-1.2898906058161146,16780.0,16220.0,15600.0,15360.0,15120.0,11386.906742914185
2024-04-12,18420,0.24599951310963727,0.5453823815506853,-0.0029359840761007485,-0.3931749923388714,-1.213723292765552,-0.11833230070528085,0.05817032069316658,18240.0,16780.0,16220.0,15600.0,15360.0,12873.830094081486
2024-04-15,19420,0.19135431798871583,-0.0023432464159025106,0.3482675291577994,1.0440482165840903,0.059097125414581966,1.1691611246151894,-1.9460264550020479,18420.0,18240.0,16780.0,16220.0,15600.0,13441.884202893547
2024-04-16,19640,0.08626740429463597,0.11654293639855078,0.14872007845671975,-0.3626884394223237,-0.12273436289686558,0.6026640174741833,-0.43094913051816547,19420.0,18420.0,18240.0,16780.0,16220.0,13340.605113108866
2024-04-17,20080,0.08626740429463597,0.2948722106202305,-0.022890729146208644,-0.3931749923388714,-0.9106708122464724,-0.25162573767963475,-0.31165170339345044,19640.0,19420.0,18420.0,18240.0,16780.0,13352.262101632477
2024-04-18,20180,0.19976127108424221,0.46895554974139414,-0.09073686238457579,-0.3931749923388714,-0.7288393239350245,-0.6939175967309025,0.08202980611810963,20080.0,19640.0,19420.0,18420.0,18240.0,13463.920694185945
2024-04-19,19720,0.3510864268037173,0.6430388888625578,-0.058809270272403104,-0.3931749923388714,-1.1531127966617358,-1.018063000282174,0.034310835268223525,20180.0,20080.0,19640.0,19420.0,18420.0,13648.529281694779
2024-04-22,19860,0.26701689584845334,0.15900228740371247,0.44005935648029604,-0.375754104957987,-0.5470078356235769,0.1179606102947117,-1.4211177756533013,19720.0,20180.0,20080.0,19640.0,19420.0,12318.861233858144
2024-04-23,19180,0.12409869322450466,0.16749415760474504,0.11679248634454716,-0.06653335394728914,0.6045915903489256,-0.018362222974514356,-1.0751552369916273,19860.0,19720.0,20180.0,20080.0,19640.0,12110.043320578296
2024-04-24,19300,-0.086075134163655,-0.20614813124067918,0.10082869028846077,0.1250964072424391,-0.2439553551044975,0.9510445913844278,-1.301820348528586,19180.0,19860.0,19720.0,20180.0,20080.0,11396.857110337854
2024-04-25,18640,0.11989521667674156,0.3712990424295217,0.03298255705009371,-0.3931749923388714,-1.1531127966617358,0.2482246509741945,-0.16849479084379215,19300.0,19180.0,19860.0,19720.0,20180.0,12763.585692320625
2024-04-26,18580,0.25020298965740057,0.5920876676563636,0.0888558432463959,-0.3931749923388714,-1.5167757732846316,0.19066612137163297,-0.6934034701925388,18640.0,19300.0,19180.0,19860.0,19720.0,13474.35069005067
2024-04-29,18080,0.258609942752927,-0.04480259742106421,0.5118964387326848,0.08154418879022818,-0.12273436289686558,0.7147516803844353,-1.8147992851648613,18580.0,18640.0,19300.0,19180.0,19860.0,11522.97752765599
2024-04-30,17880,0.18715084144095254,0.11654293639855078,0.3283127840876915,-0.3931749923388714,-1.3349442849731838,0.6359873767177718,-1.6597126299027316,18080.0,18580.0,18640.0,19300.0,19180.0,12396.150059980055
2024-05-02,18140,0.17033693524989973,0.35856123712797344,-0.0707821173144678,-0.3931749923388714,-0.6682288278312088,-0.3122136635770684,0.2848354322301253,17880.0,18080.0,18580.0,18640.0,19300.0,12598.583057746562
2024-05-03,18280,0.3342725206126645,0.7067279153703003,-0.10670065844066218,-0.3931749923388714,-1.3349442849731838,-0.8272110337052568,0.3325544030800114,18140.0,17880.0,18080.0,18580.0,18640.0,13142.083257958695
2024-05-07,16833,-0.05665079832931254,-0.2868208981504869,0.23253000775117338,0.3254366121226095,0.11970762151839792,1.3448661097177483,-1.8983074841521619,18280.0,18140.0,17880.0,18080.0,18580.0,12443.291683348492
2024-05-08,16578,-0.03563341559049664,-0.04480259742106421,-0.04683642323033822,-0.2363870059109119,-0.36517634731212906,0.06646087328189344,-0.5263870722179377,16833.0,18280.0,18140.0,17880.0,18080.0,12042.183201374753
2024-05-09,16367,0.11989521667674156,0.27788847021816576,-0.17853774069305084,-0.3931749923388714,-0.9106708122464724,-0.2910078895129675,0.3325544030800114,16578.0,16833.0,18280.0,18140.0,17880.0,10429.335791616928
2024-05-10,16522,0.38891771573358597,0.6303010835610091,0.11679248634454716,-0.3931749923388714,-0.0015133706892336571,-1.0089748113975585,0.29676517494259685,16367.0,16578.0,16833.0,18280.0,18140.0,11537.815040158084
2024-05-13,16200,0.2796273254917427,0.5029230305455237,0.04096445507813673,-0.3931749923388714,-0.6682288278312088,-0.5424477819873177,0.43992208749225487,16522.0,16367.0,16578.0,16833.0,18280.0,10481.954363456627
2024-05-14,15886,0.38471423918582254,0.6303010835610091,0.028991608036072026,-0.3931749923388714,-1.213723292765552,-0.6939175967309025,0.43992208749225487,16200.0,16522.0,16367.0,16578.0,16833.0,10586.201768903406
2024-05-16,15686,-0.023022985947207145,0.06134578009184041,-0.11468255646870527,-0.22332134037524862,0.6652020864527409,-0.5545653671668043,-0.26393273254356436,15886.0,16200.0,16522.0,16367.0,16578.0,11924.06574737015
2024-05-17,13940,0.3342725206126645,0.4944311603444911,0.0888558432463959,-0.3931749923388714,-0.2439553551044975,-0.639388463423212,-0.18042453355626367,15686.0,15886.0,16200.0,16522.0,16367.0,11380.457851026134
2024-05-20,11320,0.4561733404977971,0.6090714080584283,0.3283127840876915,-0.3931749923388714,-1.3955547810769995,-0.006244637795027834,-0.8007711546047825,13940.0,15686.0,15886.0,16200.0,16522.0,9555.177452880338
